"","Study","UID","Location","Age","Sex","Trial","Odor","Free","Code"
"1","Field","F_1","Tate","50+","Male",1,"peppermint","coffee/chocolate","FoodPersonal"
"2","Field","F_1","Tate","50+","Male",2,"orange","orange","Source"
"3","Field","F_1","Tate","50+","Male",3,"garlic","garlic","Source"
"4","Field","F_1","Tate","50+","Male",4,"rose","leather","Associative"
"5","Field","F_1","Tate","50+","Male",5,"fish","fish","Source"
"6","Field","F_1","Southwark","50+","Male",1,"rose","citric/smokey","FoodGeneric"
"7","Field","F_1","Southwark","50+","Male",1,"rose","citric/smokey","OdorQuality"
"8","Field","F_1","Southwark","50+","Male",2,"orange","orange","Source"
"9","Field","F_1","Southwark","50+","Male",3,"fish","fish","Source"
"10","Field","F_1","Southwark","50+","Male",4,"garlic","garlic","Source"
"11","Field","F_1","Southwark","50+","Male",5,"peppermint","vanilla","FoodPersonal"
"12","Field","F_1","Borough","50+","Male",1,"fish","smoke/meat","OdorQuality"
"13","Field","F_1","Borough","50+","Male",1,"fish","smoke/meat","FoodPersonal"
"14","Field","F_1","Borough","50+","Male",2,"peppermint","vanilla","FoodPersonal"
"15","Field","F_1","Borough","50+","Male",3,"rose","peppermint","FoodPersonal"
"16","Field","F_1","Borough","50+","Male",4,"garlic","garlic","Source"
"17","Field","F_1","Borough","50+","Male",5,"orange","orange","Source"
"18","Field","F_2","Tate","Under_50","Female",1,"rose","floral","FoodGeneric"
"19","Field","F_2","Tate","Under_50","Female",2,"garlic","garlic","Source"
"20","Field","F_2","Tate","Under_50","Female",3,"orange","coca cola, haribo","FoodPersonal"
"21","Field","F_2","Tate","Under_50","Female",4,"peppermint","peppermint","Source"
"22","Field","F_2","Tate","Under_50","Female",5,"fish","fish","Source"
"23","Field","F_2","Southwark","Under_50","Female",1,"fish","fishy","Source"
"24","Field","F_2","Southwark","Under_50","Female",2,"peppermint","peppermint","Source"
"25","Field","F_2","Southwark","Under_50","Female",3,"orange","coca cola","FoodPersonal"
"26","Field","F_2","Southwark","Under_50","Female",4,"garlic","garlic","Source"
"27","Field","F_2","Southwark","Under_50","Female",5,"rose","floral","FoodGeneric"
"28","Field","F_2","Borough","Under_50","Female",1,"fish","fish","Source"
"29","Field","F_2","Borough","Under_50","Female",2,"peppermint","peppermint but stronger","Source"
"30","Field","F_2","Borough","Under_50","Female",3,"orange","sweets","FoodPersonal"
"31","Field","F_2","Borough","Under_50","Female",4,"rose","rose but stronger than before","Source"
"32","Field","F_2","Borough","Under_50","Female",5,"garlic","garlic","Source"
"33","Field","F_3","Tate","Under_50","Female",1,"rose","lavender","Associative"
"34","Field","F_3","Tate","Under_50","Female",2,"garlic","meaty","FoodPersonal"
"35","Field","F_3","Tate","Under_50","Female",3,"orange","citric","FoodGeneric"
"36","Field","F_3","Tate","Under_50","Female",4,"peppermint","peppermint","Source"
"37","Field","F_3","Tate","Under_50","Female",5,"fish","fish","Source"
"38","Field","F_3","Southwark","Under_50","Female",1,"peppermint","menthol","FoodGeneric"
"39","Field","F_3","Southwark","Under_50","Female",2,"fish","fish","Source"
"40","Field","F_3","Southwark","Under_50","Female",3,"orange","orange","Source"
"41","Field","F_3","Southwark","Under_50","Female",4,"rose","lavender","Associative"
"42","Field","F_3","Southwark","Under_50","Female",5,"garlic","leather, wood, smokey","Associative"
"43","Field","F_3","Southwark","Under_50","Female",5,"garlic","leather, wood, smokey","OdorQuality"
"44","Field","F_3","Borough","Under_50","Female",1,"garlic","cheese","FoodPersonal"
"45","Field","F_3","Borough","Under_50","Female",2,"rose","lavender","Associative"
"46","Field","F_3","Borough","Under_50","Female",3,"orange","orange","Source"
"47","Field","F_3","Borough","Under_50","Female",4,"peppermint","peppermint","Source"
"48","Field","F_3","Borough","Under_50","Female",5,"fish","fish","Source"
"49","Field","F_5","Tate","Under_50","Female",1,"garlic","garlic","Source"
"50","Field","F_5","Tate","Under_50","Female",2,"rose","flowery","FoodGeneric"
"51","Field","F_5","Tate","Under_50","Female",3,"fish","fish","Source"
"52","Field","F_5","Tate","Under_50","Female",4,"orange","orange","Source"
"53","Field","F_5","Tate","Under_50","Female",5,"peppermint","mint","FoodGeneric"
"54","Field","F_5","Southwark","Under_50","Female",1,"fish","fish","Source"
"55","Field","F_5","Southwark","Under_50","Female",2,"rose","rose","Source"
"56","Field","F_5","Southwark","Under_50","Female",3,"garlic","garlic","Source"
"57","Field","F_5","Southwark","Under_50","Female",4,"peppermint","methol","FoodGeneric"
"58","Field","F_5","Southwark","Under_50","Female",5,"orange","orange","Source"
"59","Field","F_5","Borough","Under_50","Female",1,"rose","flowery, rose","Source"
"60","Field","F_5","Borough","Under_50","Female",1,"rose","flowery, rose","FoodGeneric"
"61","Field","F_5","Borough","Under_50","Female",2,"peppermint","mint, menthol","FoodGeneric"
"62","Field","F_5","Borough","Under_50","Female",3,"orange","citrusy","FoodGeneric"
"63","Field","F_5","Borough","Under_50","Female",4,"garlic","garlicy, onion","Source"
"64","Field","F_5","Borough","Under_50","Female",4,"garlic","garlicy, onion","FoodPersonal"
"65","Field","F_5","Borough","Under_50","Female",5,"fish","fishy","Source"
"66","Field","F_6","Tate","Under_50","Male",1,"peppermint","peppermint","Source"
"67","Field","F_6","Tate","Under_50","Male",2,"garlic","pickle","FoodPersonal"
"68","Field","F_6","Tate","Under_50","Male",3,"fish","acidic","OdorQuality"
"69","Field","F_6","Tate","Under_50","Male",4,"orange","citric, orange, lemon","Source"
"70","Field","F_6","Tate","Under_50","Male",4,"orange","citric, orange, lemon","FoodGeneric"
"71","Field","F_6","Tate","Under_50","Male",4,"orange","citric, orange, lemon","FoodPersonal"
"72","Field","F_6","Tate","Under_50","Male",5,"rose","lavender","Associative"
"73","Field","F_6","Southwark","Under_50","Male",1,"rose","flowery","FoodGeneric"
"74","Field","F_6","Southwark","Under_50","Male",2,"fish","fish","Source"
"75","Field","F_6","Southwark","Under_50","Male",3,"orange","orange","Source"
"76","Field","F_6","Southwark","Under_50","Male",4,"peppermint","mint","FoodGeneric"
"77","Field","F_6","Southwark","Under_50","Male",5,"garlic","garlic","Source"
"78","Field","F_6","Borough","Under_50","Male",1,"orange","acidic, citric","OdorQuality"
"79","Field","F_6","Borough","Under_50","Male",1,"orange","acidic, citric","FoodGeneric"
"80","Field","F_6","Borough","Under_50","Male",2,"garlic","anchovies, fish, garlic","Source"
"81","Field","F_6","Borough","Under_50","Male",2,"garlic","anchovies, fish, garlic","FoodPersonal"
"82","Field","F_6","Borough","Under_50","Male",3,"rose","flowery/lavender","FoodGeneric"
"83","Field","F_6","Borough","Under_50","Male",3,"rose","flowery/lavender","Associative"
"84","Field","F_6","Borough","Under_50","Male",4,"peppermint","minty, peppermint","Source"
"85","Field","F_6","Borough","Under_50","Male",5,"fish","fishy","Source"
"86","Field","F_7","Tate","Under_50","Female",1,"peppermint","mint, chewing gum","FoodGeneric"
"87","Field","F_7","Tate","Under_50","Female",1,"peppermint","mint, chewing gum","FoodPersonal"
"88","Field","F_7","Tate","Under_50","Female",2,"rose","amoniac","OdorQuality"
"89","Field","F_7","Tate","Under_50","Female",3,"orange","lemon","FoodGeneric"
"90","Field","F_7","Tate","Under_50","Female",4,"garlic","onion","FoodPersonal"
"91","Field","F_7","Tate","Under_50","Female",5,"fish","fish","Source"
"92","Field","F_7","Southwark","Under_50","Female",1,"peppermint","peppermint","Source"
"93","Field","F_7","Southwark","Under_50","Female",2,"garlic","garlic","Source"
"94","Field","F_7","Southwark","Under_50","Female",3,"orange","orange","Source"
"95","Field","F_7","Southwark","Under_50","Female",4,"rose","rose but stronger than before","Source"
"96","Field","F_7","Southwark","Under_50","Female",5,"fish","fish","Source"
"97","Field","F_7","Borough","Under_50","Female",1,"rose","rose","Source"
"98","Field","F_7","Borough","Under_50","Female",2,"fish","fish","Source"
"99","Field","F_7","Borough","Under_50","Female",3,"garlic","garlic","Source"
"100","Field","F_7","Borough","Under_50","Female",4,"peppermint","peppermint","Source"
"101","Field","F_7","Borough","Under_50","Female",5,"orange","orange","Source"
"102","Field","F_8","Tate","Under_50","Female",1,"garlic","food","FoodPersonal"
"103","Field","F_8","Tate","Under_50","Female",2,"peppermint","peppermint","Source"
"104","Field","F_8","Tate","Under_50","Female",3,"rose","perfume/flower","Associative"
"105","Field","F_8","Tate","Under_50","Female",3,"rose","perfume/flower","FoodGeneric"
"106","Field","F_8","Tate","Under_50","Female",4,"orange","orange","Source"
"107","Field","F_8","Tate","Under_50","Female",5,"fish","fish soup","Source"
"108","Field","F_8","Tate","Under_50","Female",5,"fish","fish soup","FoodPersonal"
"109","Field","F_8","Southwark","Under_50","Female",1,"fish","fish","Source"
"110","Field","F_8","Southwark","Under_50","Female",2,"peppermint","peppermint","Source"
"111","Field","F_8","Southwark","Under_50","Female",3,"rose","flower/not food","FoodGeneric"
"112","Field","F_8","Southwark","Under_50","Female",4,"garlic","garlic","Source"
"113","Field","F_8","Southwark","Under_50","Female",5,"orange","orange, fruit","Source"
"114","Field","F_8","Southwark","Under_50","Female",5,"orange","orange, fruit","FoodGeneric"
"115","Field","F_8","Borough","Under_50","Female",1,"orange","orange with chocolate","Source"
"116","Field","F_8","Borough","Under_50","Female",1,"orange","orange with chocolate","FoodPersonal"
"117","Field","F_8","Borough","Under_50","Female",2,"garlic","garlic","Source"
"118","Field","F_8","Borough","Under_50","Female",3,"peppermint","peppermint","Source"
"119","Field","F_8","Borough","Under_50","Female",4,"fish","fish","Source"
"120","Field","F_8","Borough","Under_50","Female",5,"rose","flower but not rose","FoodGeneric"
"121","Field","F_9","Tate","Under_50","Male",1,"orange","mandarin","FoodGeneric"
"122","Field","F_9","Tate","Under_50","Male",2,"peppermint","peppermint/mint","Source"
"123","Field","F_9","Tate","Under_50","Male",3,"rose","none","NoDetect"
"124","Field","F_9","Tate","Under_50","Male",4,"garlic","garlic","Source"
"125","Field","F_9","Tate","Under_50","Male",5,"fish","not good","Valence"
"126","Field","F_9","Southwark","Under_50","Male",1,"orange","citric, lime, lemon","FoodGeneric"
"127","Field","F_9","Southwark","Under_50","Male",1,"orange","citric, lime, lemon","FoodPersonal"
"128","Field","F_9","Southwark","Under_50","Male",2,"garlic","garlic","Source"
"129","Field","F_9","Southwark","Under_50","Male",3,"rose","chewing gum, cinnamon","FoodPersonal"
"130","Field","F_9","Southwark","Under_50","Male",4,"peppermint","no smell","NoDetect"
"131","Field","F_9","Southwark","Under_50","Male",5,"fish","glue","Associative"
"132","Field","F_9","Borough","Under_50","Male",1,"garlic","garlic","Source"
"133","Field","F_9","Borough","Under_50","Male",2,"rose","glue, sewage","Associative"
"134","Field","F_9","Borough","Under_50","Male",3,"fish","not pleasant, wet cloth","Valence"
"135","Field","F_9","Borough","Under_50","Male",3,"fish","not pleasant, wet cloth","Associative"
"136","Field","F_9","Borough","Under_50","Male",4,"peppermint","mint","FoodGeneric"
"137","Field","F_9","Borough","Under_50","Male",5,"orange","orange","Source"
"138","Field","F_10","Tate","Under_50","Female",1,"peppermint","mint","FoodGeneric"
"139","Field","F_10","Tate","Under_50","Female",2,"fish","fish","Source"
"140","Field","F_10","Tate","Under_50","Female",3,"orange","maybe flavoured chocolate","FoodPersonal"
"141","Field","F_10","Tate","Under_50","Female",4,"rose","rose","Source"
"142","Field","F_10","Tate","Under_50","Female",5,"garlic","garlic","Source"
"143","Field","F_10","Southwark","Under_50","Female",1,"garlic","garlic","Source"
"144","Field","F_10","Southwark","Under_50","Female",2,"peppermint","mint","FoodGeneric"
"145","Field","F_10","Southwark","Under_50","Female",3,"orange","orange","Source"
"146","Field","F_10","Southwark","Under_50","Female",4,"fish","fish","Source"
"147","Field","F_10","Southwark","Under_50","Female",5,"rose","rose","Source"
"148","Field","F_10","Borough","Under_50","Female",1,"rose","rose","Source"
"149","Field","F_10","Borough","Under_50","Female",2,"fish","fish","Source"
"150","Field","F_10","Borough","Under_50","Female",3,"orange","orange","Source"
"151","Field","F_10","Borough","Under_50","Female",4,"garlic","garlic","Source"
"152","Field","F_10","Borough","Under_50","Female",5,"peppermint","mint","FoodGeneric"
"153","Field","F_11","Tate","Under_50","Female",1,"orange","ointment-like you would find in a spa","Associative"
"154","Field","F_11","Tate","Under_50","Female",2,"rose","flowery","FoodGeneric"
"155","Field","F_11","Tate","Under_50","Female",3,"fish","none","NoDetect"
"156","Field","F_11","Tate","Under_50","Female",4,"garlic","garlic","Source"
"157","Field","F_11","Tate","Under_50","Female",5,"peppermint","peppermint","Source"
"158","Field","F_11","Southwark","Under_50","Female",1,"fish","fish","Source"
"159","Field","F_11","Southwark","Under_50","Female",2,"garlic","garlic","Source"
"160","Field","F_11","Southwark","Under_50","Female",3,"peppermint","peppermint","Source"
"161","Field","F_11","Southwark","Under_50","Female",4,"rose","none","NoDetect"
"162","Field","F_11","Southwark","Under_50","Female",5,"orange","orange","Source"
"163","Field","F_11","Borough","Under_50","Female",1,"peppermint","peppermint","Source"
"164","Field","F_11","Borough","Under_50","Female",2,"garlic","garlic","Source"
"165","Field","F_11","Borough","Under_50","Female",3,"fish","fish","Source"
"166","Field","F_11","Borough","Under_50","Female",4,"rose","none","NoDetect"
"167","Field","F_11","Borough","Under_50","Female",5,"orange","orange","Source"
"168","Field","F_12","Tate","Under_50","Male",1,"peppermint","peppermint","Source"
"169","Field","F_12","Tate","Under_50","Male",2,"rose","none","NoDetect"
"170","Field","F_12","Tate","Under_50","Male",3,"fish","none","NoDetect"
"171","Field","F_12","Tate","Under_50","Male",4,"garlic","none","NoDetect"
"172","Field","F_12","Tate","Under_50","Male",5,"orange","orange","Source"
"173","Field","F_12","Southwark","Under_50","Male",1,"orange","none","NoDetect"
"174","Field","F_12","Southwark","Under_50","Male",2,"garlic","garlic","Source"
"175","Field","F_12","Southwark","Under_50","Male",3,"peppermint","none","NoDetect"
"176","Field","F_12","Southwark","Under_50","Male",4,"rose","none","NoDetect"
"177","Field","F_12","Southwark","Under_50","Male",5,"fish","fish","Source"
"178","Field","F_12","Borough","Under_50","Male",1,"fish","fish","Source"
"179","Field","F_12","Borough","Under_50","Male",2,"garlic","garlic","Source"
"180","Field","F_12","Borough","Under_50","Male",3,"rose","none","NoDetect"
"181","Field","F_12","Borough","Under_50","Male",4,"peppermint","peppermint","Source"
"182","Field","F_12","Borough","Under_50","Male",5,"orange","orange","Source"
"183","Field","F_13","Tate","Under_50","Male",1,"orange","none","NoDetect"
"184","Field","F_13","Tate","Under_50","Male",2,"rose","none","NoDetect"
"185","Field","F_13","Tate","Under_50","Male",3,"fish","fishy","Source"
"186","Field","F_13","Tate","Under_50","Male",4,"peppermint","peppermint","Source"
"187","Field","F_13","Tate","Under_50","Male",5,"garlic","none","NoDetect"
"188","Field","F_13","Southwark","Under_50","Male",1,"garlic","garlic","Source"
"189","Field","F_13","Southwark","Under_50","Male",2,"rose","fruity, berry","FoodGeneric"
"190","Field","F_13","Southwark","Under_50","Male",2,"rose","fruity, berry","FoodPersonal"
"191","Field","F_13","Southwark","Under_50","Male",3,"orange","none","NoDetect"
"192","Field","F_13","Southwark","Under_50","Male",4,"peppermint","familiar","NoLabel"
"193","Field","F_13","Southwark","Under_50","Male",5,"fish","fish","Source"
"194","Field","F_13","Borough","Under_50","Male",1,"peppermint","peppermint","Source"
"195","Field","F_13","Borough","Under_50","Male",2,"garlic","garlic","Source"
"196","Field","F_13","Borough","Under_50","Male",3,"rose","none","NoDetect"
"197","Field","F_13","Borough","Under_50","Male",4,"orange","none","NoDetect"
"198","Field","F_13","Borough","Under_50","Male",5,"fish","fish","Source"
"199","Field","F_14","Tate","Under_50","Female",1,"fish","fish","Source"
"200","Field","F_14","Tate","Under_50","Female",2,"rose","berries","FoodPersonal"
"201","Field","F_14","Tate","Under_50","Female",3,"orange","orange","Source"
"202","Field","F_14","Tate","Under_50","Female",4,"peppermint","peppermint","Source"
"203","Field","F_14","Tate","Under_50","Female",5,"garlic","garlic","Source"
"204","Field","F_14","Southwark","Under_50","Female",1,"orange","orange","Source"
"205","Field","F_14","Southwark","Under_50","Female",2,"garlic","garlic","Source"
"206","Field","F_14","Southwark","Under_50","Female",3,"rose","fruit, berries","FoodGeneric"
"207","Field","F_14","Southwark","Under_50","Female",3,"rose","fruit, berries","FoodPersonal"
"208","Field","F_14","Southwark","Under_50","Female",4,"peppermint","peppermint","Source"
"209","Field","F_14","Southwark","Under_50","Female",5,"fish","fish","Source"
"210","Field","F_14","Borough","Under_50","Female",1,"fish","fish","Source"
"211","Field","F_14","Borough","Under_50","Female",2,"garlic","garlic","Source"
"212","Field","F_14","Borough","Under_50","Female",3,"peppermint","mint","FoodGeneric"
"213","Field","F_14","Borough","Under_50","Female",4,"rose","berries","FoodPersonal"
"214","Field","F_14","Borough","Under_50","Female",5,"orange","none","NoDetect"
"215","Field","F_15","Tate","Under_50","Male",1,"orange","orange","Source"
"216","Field","F_15","Tate","Under_50","Male",2,"rose","none","NoDetect"
"217","Field","F_15","Tate","Under_50","Male",3,"peppermint","mint","FoodGeneric"
"218","Field","F_15","Tate","Under_50","Male",4,"garlic","garlic","Source"
"219","Field","F_15","Tate","Under_50","Male",5,"fish","fish","Source"
"220","Field","F_15","Southwark","Under_50","Male",1,"fish","garlic","FoodPersonal"
"221","Field","F_15","Southwark","Under_50","Male",2,"orange","orange","Source"
"222","Field","F_15","Southwark","Under_50","Male",3,"peppermint","peppermint","Source"
"223","Field","F_15","Southwark","Under_50","Male",4,"rose","fruit sweet","FoodGeneric"
"224","Field","F_15","Southwark","Under_50","Male",4,"rose","fruit sweet","OdorQuality"
"225","Field","F_15","Southwark","Under_50","Male",5,"garlic","garlic","Source"
"226","Field","F_15","Borough","Under_50","Male",1,"fish","fish","Source"
"227","Field","F_15","Borough","Under_50","Male",2,"peppermint","orange","FoodPersonal"
"228","Field","F_15","Borough","Under_50","Male",3,"rose","orange","FoodPersonal"
"229","Field","F_15","Borough","Under_50","Male",4,"garlic","garlic","Source"
"230","Field","F_15","Borough","Under_50","Male",5,"orange","sweet cherry","OdorQuality"
"231","Field","F_15","Borough","Under_50","Male",5,"orange","sweet cherry","FoodPersonal"
"232","Field","F_16","Tate","Under_50","Male",1,"rose","rose","Source"
"233","Field","F_16","Tate","Under_50","Male",2,"fish","fish","Source"
"234","Field","F_16","Tate","Under_50","Male",3,"garlic","garlic","Source"
"235","Field","F_16","Tate","Under_50","Male",4,"orange","none","NoDetect"
"236","Field","F_16","Tate","Under_50","Male",5,"peppermint","mint","FoodGeneric"
"237","Field","F_16","Southwark","Under_50","Male",1,"fish","fish","Source"
"238","Field","F_16","Southwark","Under_50","Male",2,"rose","rose","Source"
"239","Field","F_16","Southwark","Under_50","Male",3,"orange","orange","Source"
"240","Field","F_16","Southwark","Under_50","Male",4,"peppermint","chewing gum","FoodPersonal"
"241","Field","F_16","Southwark","Under_50","Male",5,"garlic","garlic","Source"
"242","Field","F_16","Borough","Under_50","Male",1,"orange","orange","Source"
"243","Field","F_16","Borough","Under_50","Male",2,"fish","fish","Source"
"244","Field","F_16","Borough","Under_50","Male",3,"rose","rose","Source"
"245","Field","F_16","Borough","Under_50","Male",4,"garlic","garlic","Source"
"246","Field","F_16","Borough","Under_50","Male",5,"peppermint","chewing gum","FoodPersonal"
"247","Field","F_17","Tate","Under_50","Female",1,"fish","fish","Source"
"248","Field","F_17","Tate","Under_50","Female",2,"peppermint","mint","FoodGeneric"
"249","Field","F_17","Tate","Under_50","Female",3,"orange","pineapple","FoodPersonal"
"250","Field","F_17","Tate","Under_50","Female",4,"garlic","garbage","Associative"
"251","Field","F_17","Tate","Under_50","Female",5,"rose","melon","FoodPersonal"
"252","Field","F_17","Southwark","Under_50","Female",1,"garlic","none","NoDetect"
"253","Field","F_17","Southwark","Under_50","Female",2,"peppermint","mento","Source"
"254","Field","F_17","Southwark","Under_50","Female",2,"peppermint","mento","Associative"
"255","Field","F_17","Southwark","Under_50","Female",3,"fish","fish","Source"
"256","Field","F_17","Southwark","Under_50","Female",4,"orange","pineapple","FoodPersonal"
"257","Field","F_17","Southwark","Under_50","Female",5,"rose","rose water","Source"
"258","Field","F_17","Borough","Under_50","Female",1,"peppermint","rose","FoodPersonal"
"259","Field","F_17","Borough","Under_50","Female",2,"garlic","garlic","Source"
"260","Field","F_17","Borough","Under_50","Female",3,"rose","rose","Source"
"261","Field","F_17","Borough","Under_50","Female",4,"fish","none","NoDetect"
"262","Field","F_17","Borough","Under_50","Female",5,"orange","none","NoDetect"
"263","Field","F_18","Tate","50+","Female",1,"garlic","none","NoDetect"
"264","Field","F_18","Tate","50+","Female",2,"peppermint","peppermint","Source"
"265","Field","F_18","Tate","50+","Female",3,"rose","rose","Source"
"266","Field","F_18","Tate","50+","Female",4,"orange","orange or bergamot","Source"
"267","Field","F_18","Tate","50+","Female",4,"orange","orange or bergamot","Associative"
"268","Field","F_18","Tate","50+","Female",5,"fish","amonia","OdorQuality"
"269","Field","F_18","Southwark","50+","Female",1,"orange","lemon","FoodGeneric"
"270","Field","F_18","Southwark","50+","Female",2,"peppermint","menthol","FoodGeneric"
"271","Field","F_18","Southwark","50+","Female",3,"rose","rose","Source"
"272","Field","F_18","Southwark","50+","Female",4,"fish","none","NoDetect"
"273","Field","F_18","Southwark","50+","Female",5,"garlic","onion","FoodPersonal"
"274","Field","F_18","Borough","50+","Female",1,"orange","orange","Source"
"275","Field","F_18","Borough","50+","Female",2,"peppermint","peppermint","Source"
"276","Field","F_18","Borough","50+","Female",3,"garlic","onion","FoodPersonal"
"277","Field","F_18","Borough","50+","Female",4,"fish","none","NoDetect"
"278","Field","F_18","Borough","50+","Female",5,"rose","rose water","Source"
"279","Field","F_19","Tate","Under_50","Male",1,"orange","lemon","FoodGeneric"
"280","Field","F_19","Tate","Under_50","Male",2,"garlic","none","NoDetect"
"281","Field","F_19","Tate","Under_50","Male",3,"fish","not good smell, something I don't like","Valence"
"282","Field","F_19","Tate","Under_50","Male",4,"peppermint","menthol","FoodGeneric"
"283","Field","F_19","Tate","Under_50","Male",5,"rose","nice smell, perfume, something like vanilla, banana","Valence"
"284","Field","F_19","Tate","Under_50","Male",5,"rose","nice smell, perfume, something like vanilla, banana","Associative"
"285","Field","F_19","Tate","Under_50","Male",5,"rose","nice smell, perfume, something like vanilla, banana","FoodPersonal"
"286","Field","F_19","Southwark","Under_50","Male",1,"peppermint","menthol","FoodGeneric"
"287","Field","F_19","Southwark","Under_50","Male",2,"fish","no smell","NoDetect"
"288","Field","F_19","Southwark","Under_50","Male",3,"orange","lemon, chewing gum","FoodGeneric"
"289","Field","F_19","Southwark","Under_50","Male",3,"orange","lemon, chewing gum","FoodPersonal"
"290","Field","F_19","Southwark","Under_50","Male",4,"rose","like vanilla/lavender","FoodPersonal"
"291","Field","F_19","Southwark","Under_50","Male",4,"rose","like vanilla/lavender","Associative"
"292","Field","F_19","Southwark","Under_50","Male",5,"garlic","none","NoDetect"
"293","Field","F_19","Borough","Under_50","Male",1,"orange","I liked it; close to lemon","Valence"
"294","Field","F_19","Borough","Under_50","Male",1,"orange","I liked it; close to lemon","FoodGeneric"
"295","Field","F_19","Borough","Under_50","Male",2,"garlic","garlic","Source"
"296","Field","F_19","Borough","Under_50","Male",3,"rose","I like it; like fresh bed linen","Valence"
"297","Field","F_19","Borough","Under_50","Male",3,"rose","I like it; like fresh bed linen","Associative"
"298","Field","F_19","Borough","Under_50","Male",4,"peppermint","menthol","FoodGeneric"
"299","Field","F_19","Borough","Under_50","Male",5,"fish","fish","Source"
"300","Field","F_20","Tate","Under_50","Male",1,"rose","fruity flower, iris","FoodGeneric"
"301","Field","F_20","Tate","Under_50","Male",1,"rose","fruity flower, iris","Associative"
"302","Field","F_20","Tate","Under_50","Male",2,"peppermint","minty/menthol","Source"
"303","Field","F_20","Tate","Under_50","Male",3,"garlic","uncomfortable rubber/leather","Valence"
"304","Field","F_20","Tate","Under_50","Male",3,"garlic","uncomfortable rubber/leather","Associative"
"305","Field","F_20","Tate","Under_50","Male",4,"fish","uncomfortable, bad, oily","Valence"
"306","Field","F_20","Tate","Under_50","Male",4,"fish","uncomfortable, bad, oily","OdorQuality"
"307","Field","F_20","Tate","Under_50","Male",5,"orange","chewing gum, sweet perfume fruity","FoodPersonal"
"308","Field","F_20","Tate","Under_50","Male",5,"orange","chewing gum, sweet perfume fruity","OdorQuality"
"309","Field","F_20","Tate","Under_50","Male",5,"orange","chewing gum, sweet perfume fruity","FoodGeneric"
"310","Field","F_20","Tate","Under_50","Male",5,"orange","chewing gum, sweet perfume fruity","Associative"
"311","Field","F_20","Southwark","Under_50","Male",1,"rose","rose","Source"
"312","Field","F_20","Southwark","Under_50","Male",2,"fish","none","NoDetect"
"313","Field","F_20","Southwark","Under_50","Male",3,"peppermint","chewing gum, cinnamon","FoodPersonal"
"314","Field","F_20","Southwark","Under_50","Male",4,"orange","lemon","FoodGeneric"
"315","Field","F_20","Southwark","Under_50","Male",5,"garlic","leather","Associative"
"316","Field","F_20","Borough","Under_50","Male",1,"rose","rose","Source"
"317","Field","F_20","Borough","Under_50","Male",2,"fish","awful","Valence"
"318","Field","F_20","Borough","Under_50","Male",3,"orange","peppermint","FoodPersonal"
"319","Field","F_20","Borough","Under_50","Male",4,"garlic","industrial glue","Associative"
"320","Field","F_20","Borough","Under_50","Male",5,"peppermint","chewing gum","FoodPersonal"
"321","Field","F_21","Tate","50+","Male",1,"orange","sweet like apple","OdorQuality"
"322","Field","F_21","Tate","50+","Male",1,"orange","sweet like apple","FoodPersonal"
"323","Field","F_21","Tate","50+","Male",2,"fish","fish","Source"
"324","Field","F_21","Tate","50+","Male",3,"rose","rose","Source"
"325","Field","F_21","Tate","50+","Male",4,"peppermint","peppermint","Source"
"326","Field","F_21","Tate","50+","Male",5,"garlic","smokey","OdorQuality"
"327","Field","F_21","Southwark","50+","Male",1,"rose","rose","Source"
"328","Field","F_21","Southwark","50+","Male",2,"orange","orange","Source"
"329","Field","F_21","Southwark","50+","Male",3,"fish","glue","Associative"
"330","Field","F_21","Southwark","50+","Male",4,"garlic","garlic","Source"
"331","Field","F_21","Southwark","50+","Male",5,"peppermint","peppermint","Source"
"332","Field","F_21","Borough","50+","Male",1,"peppermint","peppermint","Source"
"333","Field","F_21","Borough","50+","Male",2,"garlic","garlic","Source"
"334","Field","F_21","Borough","50+","Male",3,"orange","lemon","FoodGeneric"
"335","Field","F_21","Borough","50+","Male",4,"rose","rose","Source"
"336","Field","F_21","Borough","50+","Male",5,"fish","fish","Source"
"337","Field","F_22","Tate","50+","Female",1,"rose","rosewater","Source"
"338","Field","F_22","Tate","50+","Female",2,"fish","seafood","FoodPersonal"
"339","Field","F_22","Tate","50+","Female",3,"orange","pickle","FoodPersonal"
"340","Field","F_22","Tate","50+","Female",4,"peppermint","aniseed","FoodPersonal"
"341","Field","F_22","Tate","50+","Female",5,"garlic","mustard","FoodPersonal"
"342","Field","F_22","Southwark","50+","Female",1,"rose","rose","Source"
"343","Field","F_22","Southwark","50+","Female",2,"garlic","mustard","FoodPersonal"
"344","Field","F_22","Southwark","50+","Female",3,"fish","fish","Source"
"345","Field","F_22","Southwark","50+","Female",4,"orange","sweet","OdorQuality"
"346","Field","F_22","Southwark","50+","Female",5,"peppermint","peppermint","Source"
"347","Field","F_22","Borough","50+","Female",1,"peppermint","peppermint","Source"
"348","Field","F_22","Borough","50+","Female",2,"garlic","garlic","Source"
"349","Field","F_22","Borough","50+","Female",3,"orange","sweet subtle spice","OdorQuality"
"350","Field","F_22","Borough","50+","Female",3,"orange","sweet subtle spice","FoodPersonal"
"351","Field","F_22","Borough","50+","Female",4,"rose","rose","Source"
"352","Field","F_22","Borough","50+","Female",5,"fish","fish","Source"
"353","Field","F_23","Tate","50+","Male",1,"rose","arabica coffee; sweet","FoodPersonal"
"354","Field","F_23","Tate","50+","Male",1,"rose","arabica coffee; sweet","OdorQuality"
"355","Field","F_23","Tate","50+","Male",2,"orange","herby, mint","FoodPersonal"
"356","Field","F_23","Tate","50+","Male",3,"fish","fish","Source"
"357","Field","F_23","Tate","50+","Male",4,"peppermint","menthol","FoodGeneric"
"358","Field","F_23","Tate","50+","Male",5,"garlic","food, garlic","Source"
"359","Field","F_23","Southwark","50+","Male",1,"rose","lipstick","Associative"
"360","Field","F_23","Southwark","50+","Male",2,"garlic","garlic","Source"
"361","Field","F_23","Southwark","50+","Male",3,"fish","prawns","FoodPersonal"
"362","Field","F_23","Southwark","50+","Male",4,"orange","dill","FoodPersonal"
"363","Field","F_23","Southwark","50+","Male",5,"peppermint","butterscotch","FoodPersonal"
"364","Field","F_23","Borough","50+","Male",1,"garlic","garlic","Source"
"365","Field","F_23","Borough","50+","Male",2,"peppermint","butterscotch","FoodPersonal"
"366","Field","F_23","Borough","50+","Male",3,"rose","lipstick","Associative"
"367","Field","F_23","Borough","50+","Male",4,"orange","none","NoDetect"
"368","Field","F_23","Borough","50+","Male",5,"fish","fish","Source"
"369","Field","F_24","Tate","Under_50","Female",1,"rose","strong acid","OdorQuality"
"370","Field","F_24","Tate","Under_50","Female",2,"orange","chewing gum","FoodPersonal"
"371","Field","F_24","Tate","Under_50","Female",3,"fish","fish","Source"
"372","Field","F_24","Tate","Under_50","Female",4,"garlic","chinese food, onion","FoodPersonal"
"373","Field","F_24","Tate","Under_50","Female",5,"peppermint","mint","FoodGeneric"
"374","Field","F_24","Southwark","Under_50","Female",1,"fish","fish","Source"
"375","Field","F_24","Southwark","Under_50","Female",2,"rose","rose","Source"
"376","Field","F_24","Southwark","Under_50","Female",3,"orange","chewing gum","FoodPersonal"
"377","Field","F_24","Southwark","Under_50","Female",4,"peppermint","peppermint","Source"
"378","Field","F_24","Southwark","Under_50","Female",5,"garlic","onion","FoodPersonal"
"379","Field","F_24","Borough","Under_50","Female",1,"orange","vanilla ice cream","FoodPersonal"
"380","Field","F_24","Borough","Under_50","Female",2,"garlic","onion","FoodPersonal"
"381","Field","F_24","Borough","Under_50","Female",3,"peppermint","peppermint","Source"
"382","Field","F_24","Borough","Under_50","Female",4,"fish","fish","Source"
"383","Field","F_24","Borough","Under_50","Female",5,"rose","rose","Source"
"384","Field","F_40","Tate","50+","Male",1,"peppermint","mint","FoodGeneric"
"385","Field","F_40","Tate","50+","Male",2,"garlic","garlic","Source"
"386","Field","F_40","Tate","50+","Male",3,"orange","orange","Source"
"387","Field","F_40","Tate","50+","Male",4,"fish","fish","Source"
"388","Field","F_40","Tate","50+","Male",5,"rose","rose","Source"
"389","Field","F_40","Southwark","50+","Male",1,"rose","rose","Source"
"390","Field","F_40","Southwark","50+","Male",2,"garlic","garlic","Source"
"391","Field","F_40","Southwark","50+","Male",3,"fish","fish","Source"
"392","Field","F_40","Southwark","50+","Male",4,"orange","none","NoDetect"
"393","Field","F_40","Southwark","50+","Male",5,"peppermint","chewing gum","FoodPersonal"
"394","Field","F_40","Borough","50+","Male",1,"fish","bad smell","Valence"
"395","Field","F_40","Borough","50+","Male",2,"peppermint","menthol, chewing gum","FoodGeneric"
"396","Field","F_40","Borough","50+","Male",2,"peppermint","menthol, chewing gum","FoodPersonal"
"397","Field","F_40","Borough","50+","Male",3,"orange","pear","FoodPersonal"
"398","Field","F_40","Borough","50+","Male",4,"garlic","garlic","Source"
"399","Field","F_40","Borough","50+","Male",5,"rose","no smell","NoDetect"
"400","Field","F_41","Tate","50+","Female",1,"fish","fish","Source"
"401","Field","F_41","Tate","50+","Female",2,"rose","rose","Source"
"402","Field","F_41","Tate","50+","Female",3,"garlic","garlic","Source"
"403","Field","F_41","Tate","50+","Female",4,"peppermint","no smell","NoDetect"
"404","Field","F_41","Tate","50+","Female",5,"orange","no smell","NoDetect"
"405","Field","F_41","Southwark","50+","Female",1,"fish","fish","Source"
"406","Field","F_41","Southwark","50+","Female",2,"rose","rose","Source"
"407","Field","F_41","Southwark","50+","Female",3,"peppermint","peppermint","Source"
"408","Field","F_41","Southwark","50+","Female",4,"garlic","garlic","Source"
"409","Field","F_41","Southwark","50+","Female",5,"orange","orange","Source"
"410","Field","F_41","Borough","50+","Female",1,"garlic","garlic","Source"
"411","Field","F_41","Borough","50+","Female",2,"fish","fish","Source"
"412","Field","F_41","Borough","50+","Female",3,"orange","mint (not sure--don't think that's right!)","FoodPersonal"
"413","Field","F_41","Borough","50+","Female",4,"rose","rose","Source"
"414","Field","F_41","Borough","50+","Female",5,"peppermint","peppermint","Source"
"415","Field","F_43","Tate","Under_50","Female",1,"peppermint","mint","FoodGeneric"
"416","Field","F_43","Tate","Under_50","Female",2,"garlic","garlic","Source"
"417","Field","F_43","Tate","Under_50","Female",3,"orange","orange","Source"
"418","Field","F_43","Tate","Under_50","Female",4,"rose","none","NoDetect"
"419","Field","F_43","Tate","Under_50","Female",5,"fish","fish","Source"
"420","Field","F_43","Southwark","Under_50","Female",1,"garlic","garlic","Source"
"421","Field","F_43","Southwark","Under_50","Female",2,"peppermint","peppermint","Source"
"422","Field","F_43","Southwark","Under_50","Female",3,"rose","flowery perfume","FoodGeneric"
"423","Field","F_43","Southwark","Under_50","Female",3,"rose","flowery perfume","Associative"
"424","Field","F_43","Southwark","Under_50","Female",4,"orange","orange","Source"
"425","Field","F_43","Southwark","Under_50","Female",5,"fish","fish","Source"
"426","Field","F_43","Borough","Under_50","Female",1,"peppermint","peppermint","Source"
"427","Field","F_43","Borough","Under_50","Female",2,"orange","no smell","NoDetect"
"428","Field","F_43","Borough","Under_50","Female",3,"garlic","garlic","Source"
"429","Field","F_43","Borough","Under_50","Female",4,"fish","fish","Source"
"430","Field","F_43","Borough","Under_50","Female",5,"rose","rose","Source"
"431","Field","F_44","Tate","Under_50","Female",1,"peppermint","mint","FoodGeneric"
"432","Field","F_44","Tate","Under_50","Female",2,"garlic","wood","Associative"
"433","Field","F_44","Tate","Under_50","Female",3,"orange","orange","Source"
"434","Field","F_44","Tate","Under_50","Female",4,"rose","rose","Source"
"435","Field","F_44","Tate","Under_50","Female",5,"fish","smoked bacon","FoodPersonal"
"436","Field","F_44","Southwark","Under_50","Female",1,"peppermint","peppermint","Source"
"437","Field","F_44","Southwark","Under_50","Female",2,"orange","orange","Source"
"438","Field","F_44","Southwark","Under_50","Female",3,"garlic","ham","FoodPersonal"
"439","Field","F_44","Southwark","Under_50","Female",4,"rose","wood","Associative"
"440","Field","F_44","Southwark","Under_50","Female",5,"fish","ham","FoodPersonal"
"441","Field","F_44","Borough","Under_50","Female",1,"peppermint","peppermint","Source"
"442","Field","F_44","Borough","Under_50","Female",2,"rose","orange","FoodPersonal"
"443","Field","F_44","Borough","Under_50","Female",3,"garlic","ham","FoodPersonal"
"444","Field","F_44","Borough","Under_50","Female",4,"orange","orange","Source"
"445","Field","F_44","Borough","Under_50","Female",5,"fish","ham","FoodPersonal"
"446","Field","F_45","Tate","Under_50","Female",1,"garlic","maybe meat & tomatoes","FoodPersonal"
"447","Field","F_45","Tate","Under_50","Female",2,"peppermint","mint","FoodGeneric"
"448","Field","F_45","Tate","Under_50","Female",3,"orange","none","NoDetect"
"449","Field","F_45","Tate","Under_50","Female",4,"rose","none","NoDetect"
"450","Field","F_45","Tate","Under_50","Female",5,"fish","fish","Source"
"451","Field","F_45","Southwark","Under_50","Female",1,"rose","soap","Associative"
"452","Field","F_45","Southwark","Under_50","Female",2,"orange","orange","Source"
"453","Field","F_45","Southwark","Under_50","Female",3,"fish","fish","Source"
"454","Field","F_45","Southwark","Under_50","Female",4,"peppermint","peppermint","Source"
"455","Field","F_45","Southwark","Under_50","Female",5,"garlic","garlic","Source"
"456","Field","F_45","Borough","Under_50","Female",1,"rose","rose","Source"
"457","Field","F_45","Borough","Under_50","Female",2,"fish","fish","Source"
"458","Field","F_45","Borough","Under_50","Female",3,"garlic","garlic","Source"
"459","Field","F_45","Borough","Under_50","Female",4,"peppermint","peppermint","Source"
"460","Field","F_45","Borough","Under_50","Female",5,"orange","orange","Source"
"461","Field","F_46","Tate","Under_50","Female",1,"garlic","garlic","Source"
"462","Field","F_46","Tate","Under_50","Female",2,"peppermint","mint","FoodGeneric"
"463","Field","F_46","Tate","Under_50","Female",3,"orange","fruity","FoodGeneric"
"464","Field","F_46","Tate","Under_50","Female",4,"fish","meat","FoodPersonal"
"465","Field","F_46","Tate","Under_50","Female",5,"rose","rose","Source"
"466","Field","F_46","Southwark","Under_50","Female",1,"peppermint","menthol","FoodGeneric"
"467","Field","F_46","Southwark","Under_50","Female",2,"fish","fish","Source"
"468","Field","F_46","Southwark","Under_50","Female",3,"rose","rose","Source"
"469","Field","F_46","Southwark","Under_50","Female",4,"garlic","garlic","Source"
"470","Field","F_46","Southwark","Under_50","Female",5,"orange","orange","Source"
"471","Field","F_46","Borough","Under_50","Female",1,"orange","rose","FoodPersonal"
"472","Field","F_46","Borough","Under_50","Female",2,"peppermint","menthol","FoodGeneric"
"473","Field","F_46","Borough","Under_50","Female",3,"garlic","garlic","Source"
"474","Field","F_46","Borough","Under_50","Female",4,"fish","fish","Source"
"475","Field","F_46","Borough","Under_50","Female",5,"rose","rose","Source"
"476","Lab","L_1","Clean","Under_50","Female",1,"peppermint","mint","FoodGeneric"
"477","Lab","L_1","Clean","Under_50","Female",2,"orange","orange","Source"
"478","Lab","L_1","Clean","Under_50","Female",3,"fish","old shrimp","FoodPersonal"
"479","Lab","L_1","Clean","Under_50","Female",4,"garlic","garlic","Source"
"480","Lab","L_1","Clean","Under_50","Female",5,"rose","rose","Source"
"481","Lab","L_1","Smelly","Under_50","Female",1,"fish","fish","Source"
"482","Lab","L_1","Smelly","Under_50","Female",2,"rose","rose","Source"
"483","Lab","L_1","Smelly","Under_50","Female",3,"peppermint","peppermint","Source"
"484","Lab","L_1","Smelly","Under_50","Female",4,"orange","orange","Source"
"485","Lab","L_1","Smelly","Under_50","Female",5,"garlic","garlic","Source"
"486","Lab","L_2","Clean","Under_50","Male",1,"orange","citrusy","FoodGeneric"
"487","Lab","L_2","Clean","Under_50","Male",2,"fish","savoury","OdorQuality"
"488","Lab","L_2","Clean","Under_50","Male",3,"peppermint","don't know","NoLabel"
"489","Lab","L_2","Clean","Under_50","Male",4,"rose","shoe polish","Associative"
"490","Lab","L_2","Clean","Under_50","Male",5,"garlic","sharp herby pungeant","FoodGeneric"
"491","Lab","L_2","Clean","Under_50","Male",5,"garlic","sharp herby pungeant","OdorQuality"
"492","Lab","L_2","Smelly","Under_50","Male",1,"peppermint","chewing gum","FoodPersonal"
"493","Lab","L_2","Smelly","Under_50","Male",2,"fish","musty not nice","OdorQuality"
"494","Lab","L_2","Smelly","Under_50","Male",2,"fish","musty not nice","Valence"
"495","Lab","L_2","Smelly","Under_50","Male",3,"orange","citrusy","FoodGeneric"
"496","Lab","L_2","Smelly","Under_50","Male",4,"garlic","herby pungeant","FoodGeneric"
"497","Lab","L_2","Smelly","Under_50","Male",4,"garlic","herby pungeant","OdorQuality"
"498","Lab","L_2","Smelly","Under_50","Male",5,"rose","shoe polish","Associative"
"499","Lab","L_3","Clean","Under_50","Female",1,"rose","pleasant familiar can't place it plaster","Valence"
"500","Lab","L_3","Clean","Under_50","Female",1,"rose","pleasant familiar can't place it plaster","Associative"
"501","Lab","L_3","Clean","Under_50","Female",2,"fish","fish","Source"
"502","Lab","L_3","Clean","Under_50","Female",3,"orange","orange citrusy","Source"
"503","Lab","L_3","Clean","Under_50","Female",3,"orange","orange citrusy","FoodGeneric"
"504","Lab","L_3","Clean","Under_50","Female",4,"garlic","garlic","Source"
"505","Lab","L_3","Clean","Under_50","Female",5,"peppermint","peppermint tea","Source"
"506","Lab","L_3","Clean","Under_50","Female",5,"peppermint","peppermint tea","FoodPersonal"
"507","Lab","L_3","Smelly","Under_50","Female",1,"fish","fish","Source"
"508","Lab","L_3","Smelly","Under_50","Female",2,"garlic","garlic","Source"
"509","Lab","L_3","Smelly","Under_50","Female",3,"rose","pleasant fruity familiar","Valence"
"510","Lab","L_3","Smelly","Under_50","Female",3,"rose","pleasant fruity familiar","FoodGeneric"
"511","Lab","L_3","Smelly","Under_50","Female",4,"peppermint","peppermint","Source"
"512","Lab","L_3","Smelly","Under_50","Female",5,"orange","orange","Source"
"513","Lab","L_4","Clean","Under_50","Female",1,"fish","fish","Source"
"514","Lab","L_4","Clean","Under_50","Female",2,"orange","fruity-tropical","FoodGeneric"
"515","Lab","L_4","Clean","Under_50","Female",2,"orange","fruity-tropical","FoodPersonal"
"516","Lab","L_4","Clean","Under_50","Female",3,"rose","rose","Source"
"517","Lab","L_4","Clean","Under_50","Female",4,"garlic","garlic chive onion","Source"
"518","Lab","L_4","Clean","Under_50","Female",4,"garlic","garlic chive onion","FoodPersonal"
"519","Lab","L_4","Clean","Under_50","Female",5,"peppermint","peppermint","Source"
"520","Lab","L_4","Smelly","Under_50","Female",1,"rose","rose","Source"
"521","Lab","L_4","Smelly","Under_50","Female",2,"garlic","chives onion","FoodPersonal"
"522","Lab","L_4","Smelly","Under_50","Female",3,"fish","fish","Source"
"523","Lab","L_4","Smelly","Under_50","Female",4,"peppermint","peppermint","Source"
"524","Lab","L_4","Smelly","Under_50","Female",5,"orange","orange","Source"
"525","Lab","L_5","Clean","50+","Female",1,"garlic","vinegar familiar","OdorQuality"
"526","Lab","L_5","Clean","50+","Female",2,"orange","orange","Source"
"527","Lab","L_5","Clean","50+","Female",3,"rose","rose petals","Source"
"528","Lab","L_5","Clean","50+","Female",4,"peppermint","mint","FoodGeneric"
"529","Lab","L_5","Clean","50+","Female",5,"fish","fish sauce","Source"
"530","Lab","L_5","Clean","50+","Female",5,"fish","fish sauce","FoodPersonal"
"531","Lab","L_5","Smelly","50+","Female",1,"orange","orange","Source"
"532","Lab","L_5","Smelly","50+","Female",2,"garlic","garlic","Source"
"533","Lab","L_5","Smelly","50+","Female",3,"fish","fish","Source"
"534","Lab","L_5","Smelly","50+","Female",4,"rose","rose","Source"
"535","Lab","L_5","Smelly","50+","Female",5,"peppermint","mint","FoodGeneric"
"536","Lab","L_6","Clean","Under_50","Male",1,"rose","rose","Source"
"537","Lab","L_6","Clean","Under_50","Male",2,"orange","citrusy grapefruit","FoodGeneric"
"538","Lab","L_6","Clean","Under_50","Male",2,"orange","citrusy grapefruit","FoodPersonal"
"539","Lab","L_6","Clean","Under_50","Male",3,"garlic","garlic unpleasant","Source"
"540","Lab","L_6","Clean","Under_50","Male",3,"garlic","garlic unpleasant","Valence"
"541","Lab","L_6","Clean","Under_50","Male",4,"fish","fish","Source"
"542","Lab","L_6","Clean","Under_50","Male",5,"peppermint","mint peppermint","Source"
"543","Lab","L_6","Smelly","Under_50","Male",1,"orange","orange","Source"
"544","Lab","L_6","Smelly","Under_50","Male",2,"fish","fish","Source"
"545","Lab","L_6","Smelly","Under_50","Male",3,"rose","rose","Source"
"546","Lab","L_6","Smelly","Under_50","Male",4,"garlic","garlic","Source"
"547","Lab","L_6","Smelly","Under_50","Male",5,"peppermint","peppermint","Source"
"548","Lab","L_7","Clean","50+","Male",1,"garlic","garlic","Source"
"549","Lab","L_7","Clean","50+","Male",2,"fish","fish","Source"
"550","Lab","L_7","Clean","50+","Male",3,"rose","rose","Source"
"551","Lab","L_7","Clean","50+","Male",4,"orange","orange","Source"
"552","Lab","L_7","Clean","50+","Male",5,"peppermint","mint","FoodGeneric"
"553","Lab","L_7","Smelly","50+","Male",1,"rose","rose","Source"
"554","Lab","L_7","Smelly","50+","Male",2,"peppermint","peppermint","Source"
"555","Lab","L_7","Smelly","50+","Male",3,"garlic","garlic","Source"
"556","Lab","L_7","Smelly","50+","Male",4,"fish","fish","Source"
"557","Lab","L_7","Smelly","50+","Male",5,"orange","orange","Source"
"558","Lab","L_8","Clean","50+","Male",1,"garlic","earthy, not pleasant none","OdorQuality"
"559","Lab","L_8","Clean","50+","Male",1,"garlic","earthy, not pleasant none","Valence"
"560","Lab","L_8","Clean","50+","Male",2,"fish","fish","Source"
"561","Lab","L_8","Clean","50+","Male",3,"peppermint","mint","FoodGeneric"
"562","Lab","L_8","Clean","50+","Male",4,"orange","lemon","FoodGeneric"
"563","Lab","L_8","Clean","50+","Male",5,"rose","none","NoDetect"
"564","Lab","L_8","Smelly","50+","Male",1,"garlic","garlic","Source"
"565","Lab","L_8","Smelly","50+","Male",2,"rose","none","NoDetect"
"566","Lab","L_8","Smelly","50+","Male",3,"orange","none","NoDetect"
"567","Lab","L_8","Smelly","50+","Male",4,"fish","fish","Source"
"568","Lab","L_8","Smelly","50+","Male",5,"peppermint","peppermint","Source"
"569","Lab","L_9","Clean","Under_50","Male",1,"fish","no smell","NoDetect"
"570","Lab","L_9","Clean","Under_50","Male",2,"garlic","pungent unpleasant","OdorQuality"
"571","Lab","L_9","Clean","Under_50","Male",2,"garlic","pungent unpleasant","Valence"
"572","Lab","L_9","Clean","Under_50","Male",3,"peppermint","pleasant fruity orangey","Valence"
"573","Lab","L_9","Clean","Under_50","Male",3,"peppermint","pleasant fruity orangey","FoodGeneric"
"574","Lab","L_9","Clean","Under_50","Male",3,"peppermint","pleasant fruity orangey","FoodPersonal"
"575","Lab","L_9","Clean","Under_50","Male",4,"orange","fruit strawberry pineapple","FoodGeneric"
"576","Lab","L_9","Clean","Under_50","Male",4,"orange","fruit strawberry pineapple","FoodPersonal"
"577","Lab","L_9","Clean","Under_50","Male",5,"rose","pleasant flower rose","Source"
"578","Lab","L_9","Clean","Under_50","Male",5,"rose","pleasant flower rose","Valence"
"579","Lab","L_9","Smelly","Under_50","Male",1,"garlic","none","NoDetect"
"580","Lab","L_9","Smelly","Under_50","Male",2,"peppermint","none","NoDetect"
"581","Lab","L_9","Smelly","Under_50","Male",3,"fish","unpleasant","Valence"
"582","Lab","L_9","Smelly","Under_50","Male",4,"orange","none","NoDetect"
"583","Lab","L_9","Smelly","Under_50","Male",5,"rose","fruity","FoodGeneric"
"584","Lab","L_10","Clean","Under_50","Male",1,"garlic","onion","FoodPersonal"
"585","Lab","L_10","Clean","Under_50","Male",2,"orange","citrus lime/lemon/orange","Source"
"586","Lab","L_10","Clean","Under_50","Male",2,"orange","citrus lime/lemon/orange","FoodGeneric"
"587","Lab","L_10","Clean","Under_50","Male",2,"orange","citrus lime/lemon/orange","FoodPersonal"
"588","Lab","L_10","Clean","Under_50","Male",3,"peppermint","peppermint","Source"
"589","Lab","L_10","Clean","Under_50","Male",4,"rose","chemical toilet/air cleaner","Associative"
"590","Lab","L_10","Clean","Under_50","Male",5,"fish","fish thai/dried shrimp","Source"
"591","Lab","L_10","Clean","Under_50","Male",5,"fish","fish thai/dried shrimp","FoodPersonal"
"592","Lab","L_10","Smelly","Under_50","Male",1,"peppermint","peppermint","Source"
"593","Lab","L_10","Smelly","Under_50","Male",2,"orange","lime, orange","Source"
"594","Lab","L_10","Smelly","Under_50","Male",2,"orange","lime, orange","FoodPersonal"
"595","Lab","L_10","Smelly","Under_50","Male",3,"garlic","garlic","Source"
"596","Lab","L_10","Smelly","Under_50","Male",4,"fish","thai chinese fish dried shrimp","Source"
"597","Lab","L_10","Smelly","Under_50","Male",4,"fish","thai chinese fish dried shrimp","FoodPersonal"
"598","Lab","L_10","Smelly","Under_50","Male",5,"rose","rose horrible air freshener","Source"
"599","Lab","L_10","Smelly","Under_50","Male",5,"rose","rose horrible air freshener","Valence"
"600","Lab","L_10","Smelly","Under_50","Male",5,"rose","rose horrible air freshener","Associative"
"601","Lab","L_11","Clean","Under_50","Female",1,"garlic","familiar, not sure, abrasive, nicopen","OdorQuality"
"602","Lab","L_11","Clean","Under_50","Female",1,"garlic","familiar, not sure, abrasive, nicopen","Associative"
"603","Lab","L_11","Clean","Under_50","Female",2,"fish","fish","Source"
"604","Lab","L_11","Clean","Under_50","Female",3,"peppermint","peppermint, mint","Source"
"605","Lab","L_11","Clean","Under_50","Female",4,"rose","sweet smell, musk, lifesavers","OdorQuality"
"606","Lab","L_11","Clean","Under_50","Female",4,"rose","sweet smell, musk, lifesavers","FoodPersonal"
"607","Lab","L_11","Clean","Under_50","Female",5,"orange","orange","Source"
"608","Lab","L_11","Smelly","Under_50","Female",1,"fish","fishy","Source"
"609","Lab","L_11","Smelly","Under_50","Female",2,"orange","orange","Source"
"610","Lab","L_11","Smelly","Under_50","Female",3,"peppermint","peppermint","Source"
"611","Lab","L_11","Smelly","Under_50","Female",4,"garlic","abrasive sharp pungent","OdorQuality"
"612","Lab","L_11","Smelly","Under_50","Female",5,"rose","rose","Source"
"613","Lab","L_12","Clean","Under_50","Female",1,"orange","citrusy sweet","FoodGeneric"
"614","Lab","L_12","Clean","Under_50","Female",1,"orange","citrusy sweet","OdorQuality"
"615","Lab","L_12","Clean","Under_50","Female",2,"garlic","cheese and onion crisps","FoodPersonal"
"616","Lab","L_12","Clean","Under_50","Female",3,"peppermint","don't know, but did smell it","NoLabel"
"617","Lab","L_12","Clean","Under_50","Female",4,"fish","light scent","OdorQuality"
"618","Lab","L_12","Clean","Under_50","Female",5,"rose","sweet chocolately","OdorQuality"
"619","Lab","L_12","Clean","Under_50","Female",5,"rose","sweet chocolately","FoodPersonal"
"620","Lab","L_12","Smelly","Under_50","Female",1,"orange","sweet chocolatey","OdorQuality"
"621","Lab","L_12","Smelly","Under_50","Female",1,"orange","sweet chocolatey","FoodPersonal"
"622","Lab","L_12","Smelly","Under_50","Female",2,"peppermint","not food alcohol-based","OdorQuality"
"623","Lab","L_12","Smelly","Under_50","Female",3,"rose","no smell","NoDetect"
"624","Lab","L_12","Smelly","Under_50","Female",4,"garlic","cheese and onion","FoodPersonal"
"625","Lab","L_12","Smelly","Under_50","Female",5,"fish","no smell","NoDetect"
"626","Lab","L_13","Clean","Under_50","Female",1,"rose","roses","Source"
"627","Lab","L_13","Clean","Under_50","Female",2,"garlic","familiar, spice, like in beef jerky, paprika","FoodPersonal"
"628","Lab","L_13","Clean","Under_50","Female",3,"fish","fish","Source"
"629","Lab","L_13","Clean","Under_50","Female",4,"orange","pineapple","FoodPersonal"
"630","Lab","L_13","Clean","Under_50","Female",5,"peppermint","peppermint","Source"
"631","Lab","L_13","Smelly","Under_50","Female",1,"peppermint","peppermint","Source"
"632","Lab","L_13","Smelly","Under_50","Female",2,"garlic","ham cheese onion","FoodPersonal"
"633","Lab","L_13","Smelly","Under_50","Female",3,"rose","rose","Source"
"634","Lab","L_13","Smelly","Under_50","Female",4,"fish","fish","Source"
"635","Lab","L_13","Smelly","Under_50","Female",5,"orange","lemon pineapple cherry","FoodGeneric"
"636","Lab","L_13","Smelly","Under_50","Female",5,"orange","lemon pineapple cherry","FoodPersonal"
"637","Lab","L_14","Clean","Under_50","Female",1,"garlic","garlic","Source"
"638","Lab","L_14","Clean","Under_50","Female",2,"peppermint","mint","FoodGeneric"
"639","Lab","L_14","Clean","Under_50","Female",3,"fish","fish","Source"
"640","Lab","L_14","Clean","Under_50","Female",4,"rose","flowery","FoodGeneric"
"641","Lab","L_14","Clean","Under_50","Female",5,"orange","orange","Source"
"642","Lab","L_14","Smelly","Under_50","Female",1,"garlic","garlic","Source"
"643","Lab","L_14","Smelly","Under_50","Female",2,"rose","flower","FoodGeneric"
"644","Lab","L_14","Smelly","Under_50","Female",3,"orange","sweet","OdorQuality"
"645","Lab","L_14","Smelly","Under_50","Female",4,"peppermint","mint","FoodGeneric"
"646","Lab","L_14","Smelly","Under_50","Female",5,"fish","fish","Source"
"647","Lab","L_15","Clean","Under_50","Female",1,"garlic","garlic","Source"
"648","Lab","L_15","Clean","Under_50","Female",2,"orange","raspberry","FoodPersonal"
"649","Lab","L_15","Clean","Under_50","Female",3,"peppermint","peppermint","Source"
"650","Lab","L_15","Clean","Under_50","Female",4,"rose","rose","Source"
"651","Lab","L_15","Clean","Under_50","Female",5,"fish","stinks, BBQ, beans","Valence"
"652","Lab","L_15","Clean","Under_50","Female",5,"fish","stinks, BBQ, beans","FoodPersonal"
"653","Lab","L_15","Smelly","Under_50","Female",1,"orange","onion","FoodPersonal"
"654","Lab","L_15","Smelly","Under_50","Female",2,"rose","rose","Source"
"655","Lab","L_15","Smelly","Under_50","Female",3,"peppermint","peppermint","Source"
"656","Lab","L_15","Smelly","Under_50","Female",4,"garlic","garlic","Source"
"657","Lab","L_15","Smelly","Under_50","Female",5,"fish","onion","FoodPersonal"
"658","Lab","L_16","Clean","Under_50","Female",1,"rose","rose","Source"
"659","Lab","L_16","Clean","Under_50","Female",2,"garlic","garlic","Source"
"660","Lab","L_16","Clean","Under_50","Female",3,"peppermint","tiger balm stuff","Associative"
"661","Lab","L_16","Clean","Under_50","Female",4,"orange","sauna smell","Associative"
"662","Lab","L_16","Clean","Under_50","Female",5,"fish","poo","Associative"
"663","Lab","L_16","Smelly","Under_50","Female",1,"peppermint","wood","Associative"
"664","Lab","L_16","Smelly","Under_50","Female",2,"orange","no smell","NoDetect"
"665","Lab","L_16","Smelly","Under_50","Female",3,"rose","rose","Source"
"666","Lab","L_16","Smelly","Under_50","Female",4,"garlic","garlic","Source"
"667","Lab","L_16","Smelly","Under_50","Female",5,"fish","fish","Source"
"668","Lab","L_17","Clean","Under_50","Male",1,"fish","fish food","Source"
"669","Lab","L_17","Clean","Under_50","Male",1,"fish","fish food","FoodPersonal"
"670","Lab","L_17","Clean","Under_50","Male",2,"orange","sweet fruity","OdorQuality"
"671","Lab","L_17","Clean","Under_50","Male",2,"orange","sweet fruity","FoodGeneric"
"672","Lab","L_17","Clean","Under_50","Male",3,"rose","cleaning products","Associative"
"673","Lab","L_17","Clean","Under_50","Male",4,"garlic","roast beef crisps","FoodPersonal"
"674","Lab","L_17","Clean","Under_50","Male",5,"peppermint","mint","FoodGeneric"
"675","Lab","L_17","Smelly","Under_50","Male",1,"peppermint","mint","FoodGeneric"
"676","Lab","L_17","Smelly","Under_50","Male",2,"garlic","garlic","Source"
"677","Lab","L_17","Smelly","Under_50","Male",3,"rose","clean","Associative"
"678","Lab","L_17","Smelly","Under_50","Male",4,"orange","orange fruity","Source"
"679","Lab","L_17","Smelly","Under_50","Male",4,"orange","orange fruity","FoodGeneric"
"680","Lab","L_17","Smelly","Under_50","Male",5,"fish","fishy","Source"
"681","Lab","L_18","Clean","Under_50","Female",1,"fish","fish food","Source"
"682","Lab","L_18","Clean","Under_50","Female",1,"fish","fish food","FoodPersonal"
"683","Lab","L_18","Clean","Under_50","Female",2,"peppermint","mint","FoodGeneric"
"684","Lab","L_18","Clean","Under_50","Female",3,"rose","rose water","Source"
"685","Lab","L_18","Clean","Under_50","Female",4,"orange","orange","Source"
"686","Lab","L_18","Clean","Under_50","Female",5,"garlic","garlic","Source"
"687","Lab","L_18","Smelly","Under_50","Female",1,"peppermint","peppermint","Source"
"688","Lab","L_18","Smelly","Under_50","Female",2,"garlic","garlic","Source"
"689","Lab","L_18","Smelly","Under_50","Female",3,"orange","orange","Source"
"690","Lab","L_18","Smelly","Under_50","Female",4,"fish","fish food","Source"
"691","Lab","L_18","Smelly","Under_50","Female",4,"fish","fish food","FoodPersonal"
"692","Lab","L_18","Smelly","Under_50","Female",5,"rose","rose petal","Source"
"693","Lab","L_19","Clean","Under_50","Female",1,"garlic","strange medicine hospital","Associative"
"694","Lab","L_19","Clean","Under_50","Female",2,"rose","familiar, not sure, earthy","OdorQuality"
"695","Lab","L_19","Clean","Under_50","Female",3,"peppermint","peppermint","Source"
"696","Lab","L_19","Clean","Under_50","Female",4,"orange","fragrant","OdorQuality"
"697","Lab","L_19","Clean","Under_50","Female",5,"fish","fish","Source"
"698","Lab","L_19","Smelly","Under_50","Female",1,"fish","fish","Source"
"699","Lab","L_19","Smelly","Under_50","Female",2,"peppermint","peppermint mint","Source"
"700","Lab","L_19","Smelly","Under_50","Female",3,"rose","none","NoDetect"
"701","Lab","L_19","Smelly","Under_50","Female",4,"orange","orange and chocolate","Source"
"702","Lab","L_19","Smelly","Under_50","Female",4,"orange","orange and chocolate","FoodPersonal"
"703","Lab","L_19","Smelly","Under_50","Female",5,"garlic","none","NoDetect"
"704","Lab","L_20","Clean","Under_50","Female",1,"peppermint","mint","FoodGeneric"
"705","Lab","L_20","Clean","Under_50","Female",2,"orange","fruity","FoodGeneric"
"706","Lab","L_20","Clean","Under_50","Female",3,"fish","fish","Source"
"707","Lab","L_20","Clean","Under_50","Female",4,"rose","rose","Source"
"708","Lab","L_20","Clean","Under_50","Female",5,"garlic","garlic","Source"
"709","Lab","L_20","Smelly","Under_50","Female",1,"fish","fish and wood","Source"
"710","Lab","L_20","Smelly","Under_50","Female",1,"fish","fish and wood","Associative"
"711","Lab","L_20","Smelly","Under_50","Female",2,"rose","rose flower","Source"
"712","Lab","L_20","Smelly","Under_50","Female",2,"rose","rose flower","FoodGeneric"
"713","Lab","L_20","Smelly","Under_50","Female",3,"garlic","garlic","Source"
"714","Lab","L_20","Smelly","Under_50","Female",4,"peppermint","peppermint","Source"
"715","Lab","L_20","Smelly","Under_50","Female",5,"orange","none","NoDetect"
"716","Lab","L_21","Clean","Under_50","Female",1,"fish","woody musky","Associative"
"717","Lab","L_21","Clean","Under_50","Female",1,"fish","woody musky","OdorQuality"
"718","Lab","L_21","Clean","Under_50","Female",2,"garlic","garlicy","Source"
"719","Lab","L_21","Clean","Under_50","Female",3,"rose","rose","Source"
"720","Lab","L_21","Clean","Under_50","Female",4,"peppermint","mint","FoodGeneric"
"721","Lab","L_21","Clean","Under_50","Female",5,"orange","orange","Source"
"722","Lab","L_21","Smelly","Under_50","Female",1,"orange","wood","Associative"
"723","Lab","L_21","Smelly","Under_50","Female",2,"rose","rose","Source"
"724","Lab","L_21","Smelly","Under_50","Female",3,"peppermint","peppermint","Source"
"725","Lab","L_21","Smelly","Under_50","Female",4,"fish","unpleasant musk","Valence"
"726","Lab","L_21","Smelly","Under_50","Female",4,"fish","unpleasant musk","OdorQuality"
"727","Lab","L_21","Smelly","Under_50","Female",5,"garlic","garlic","Source"
"728","Lab","L_22","Clean","Under_50","Female",1,"orange","citrusy slightly floral orange blossom","Source"
"729","Lab","L_22","Clean","Under_50","Female",1,"orange","citrusy slightly floral orange blossom","FoodGeneric"
"730","Lab","L_22","Clean","Under_50","Female",1,"orange","citrusy slightly floral orange blossom","Associative"
"731","Lab","L_22","Clean","Under_50","Female",2,"rose","rose","Source"
"732","Lab","L_22","Clean","Under_50","Female",3,"garlic","garlic","Source"
"733","Lab","L_22","Clean","Under_50","Female",4,"fish","fish fish oil","Source"
"734","Lab","L_22","Clean","Under_50","Female",4,"fish","fish fish oil","FoodPersonal"
"735","Lab","L_22","Clean","Under_50","Female",5,"peppermint","mint peppermint","Source"
"736","Lab","L_22","Smelly","Under_50","Female",1,"fish","fish oil","FoodPersonal"
"737","Lab","L_22","Smelly","Under_50","Female",2,"garlic","garlic","Source"
"738","Lab","L_22","Smelly","Under_50","Female",3,"rose","rose","Source"
"739","Lab","L_22","Smelly","Under_50","Female",4,"orange","orange coffee","Source"
"740","Lab","L_22","Smelly","Under_50","Female",4,"orange","orange coffee","FoodPersonal"
"741","Lab","L_22","Smelly","Under_50","Female",5,"peppermint","mint","FoodGeneric"
"742","Lab","L_23","Clean","Under_50","Female",1,"fish","fish","Source"
"743","Lab","L_23","Clean","Under_50","Female",2,"peppermint","mint","FoodGeneric"
"744","Lab","L_23","Clean","Under_50","Female",3,"orange","lemon, citrus orange","Source"
"745","Lab","L_23","Clean","Under_50","Female",3,"orange","lemon, citrus orange","FoodGeneric"
"746","Lab","L_23","Clean","Under_50","Female",3,"orange","lemon, citrus orange","FoodPersonal"
"747","Lab","L_23","Clean","Under_50","Female",4,"garlic","garlic","Source"
"748","Lab","L_23","Clean","Under_50","Female",5,"rose","air freshener fresh air","Associative"
"749","Lab","L_23","Smelly","Under_50","Female",1,"peppermint","mint","FoodGeneric"
"750","Lab","L_23","Smelly","Under_50","Female",2,"orange","citrus","FoodGeneric"
"751","Lab","L_23","Smelly","Under_50","Female",3,"fish","fishy","Source"
"752","Lab","L_23","Smelly","Under_50","Female",4,"garlic","garlic and onion","Source"
"753","Lab","L_23","Smelly","Under_50","Female",4,"garlic","garlic and onion","FoodPersonal"
"754","Lab","L_23","Smelly","Under_50","Female",5,"rose","rose","Source"
"755","Lab","L_24","Clean","Under_50","Male",1,"rose","floral flower with strong smell but not color","FoodGeneric"
"756","Lab","L_24","Clean","Under_50","Male",1,"rose","floral flower with strong smell but not color","OdorQuality"
"757","Lab","L_24","Clean","Under_50","Male",2,"orange","orange","Source"
"758","Lab","L_24","Clean","Under_50","Male",3,"garlic","garlic","Source"
"759","Lab","L_24","Clean","Under_50","Male",4,"peppermint","peppermint","Source"
"760","Lab","L_24","Clean","Under_50","Male",5,"fish","rotting flesh","Associative"
"761","Lab","L_24","Smelly","Under_50","Male",1,"fish","fish","Source"
"762","Lab","L_24","Smelly","Under_50","Male",2,"garlic","garlic","Source"
"763","Lab","L_24","Smelly","Under_50","Male",3,"rose","flower","FoodGeneric"
"764","Lab","L_24","Smelly","Under_50","Male",4,"orange","orange","Source"
"765","Lab","L_24","Smelly","Under_50","Male",5,"peppermint","mint","FoodGeneric"
"766","Lab","L_25","Clean","Under_50","Female",1,"garlic","strong ammonia","OdorQuality"
"767","Lab","L_25","Clean","Under_50","Female",2,"orange","sweeter","OdorQuality"
"768","Lab","L_25","Clean","Under_50","Female",3,"rose","weak sweet","OdorQuality"
"769","Lab","L_25","Clean","Under_50","Female",4,"fish","fish","Source"
"770","Lab","L_25","Clean","Under_50","Female",5,"peppermint","peppermint","Source"
"771","Lab","L_25","Smelly","Under_50","Female",1,"orange","peppermint","FoodPersonal"
"772","Lab","L_25","Smelly","Under_50","Female",2,"peppermint","barely can smell weak sweet","OdorQuality"
"773","Lab","L_25","Smelly","Under_50","Female",3,"rose","barely no smell none","NoDetect"
"774","Lab","L_25","Smelly","Under_50","Female",4,"fish","fish","Source"
"775","Lab","L_25","Smelly","Under_50","Female",5,"garlic","garlic","Source"
"776","Lab","L_26","Clean","Under_50","Female",1,"garlic","flowery gross flower","Associative"
"777","Lab","L_26","Clean","Under_50","Female",1,"garlic","flowery gross flower","Valence"
"778","Lab","L_26","Clean","Under_50","Female",2,"fish","compost","Associative"
"779","Lab","L_26","Clean","Under_50","Female",3,"peppermint","peppermint","Source"
"780","Lab","L_26","Clean","Under_50","Female",4,"orange","citrusy","FoodGeneric"
"781","Lab","L_26","Clean","Under_50","Female",5,"rose","roses","Source"
"782","Lab","L_26","Smelly","Under_50","Female",1,"garlic","onion","FoodPersonal"
"783","Lab","L_26","Smelly","Under_50","Female",2,"rose","roses flowers","Source"
"784","Lab","L_26","Smelly","Under_50","Female",2,"rose","roses flowers","FoodGeneric"
"785","Lab","L_26","Smelly","Under_50","Female",3,"fish","fish","Source"
"786","Lab","L_26","Smelly","Under_50","Female",4,"peppermint","mint","FoodGeneric"
"787","Lab","L_26","Smelly","Under_50","Female",5,"orange","citrusy orange","Source"
"788","Lab","L_26","Smelly","Under_50","Female",5,"orange","citrusy orange","FoodGeneric"
"789","Lab","L_27","Clean","Under_50","Female",1,"rose","floral daffodils lavendar","FoodGeneric"
"790","Lab","L_27","Clean","Under_50","Female",1,"rose","floral daffodils lavendar","Associative"
"791","Lab","L_27","Clean","Under_50","Female",2,"orange","citrusy","FoodGeneric"
"792","Lab","L_27","Clean","Under_50","Female",3,"peppermint","mint","FoodGeneric"
"793","Lab","L_27","Clean","Under_50","Female",4,"fish","not very nice not as strong as the other","Valence"
"794","Lab","L_27","Clean","Under_50","Female",4,"fish","not very nice not as strong as the other","OdorQuality"
"795","Lab","L_27","Clean","Under_50","Female",5,"garlic","garlic","Source"
"796","Lab","L_27","Smelly","Under_50","Female",1,"orange","citrus","FoodGeneric"
"797","Lab","L_27","Smelly","Under_50","Female",2,"peppermint","mint","FoodGeneric"
"798","Lab","L_27","Smelly","Under_50","Female",3,"fish","fish","Source"
"799","Lab","L_27","Smelly","Under_50","Female",4,"garlic","garlic","Source"
"800","Lab","L_27","Smelly","Under_50","Female",5,"rose","floral","FoodGeneric"
"801","Lab","L_28","Clean","Under_50","Female",1,"peppermint","mint","FoodGeneric"
"802","Lab","L_28","Clean","Under_50","Female",2,"rose","rose flowers","Source"
"803","Lab","L_28","Clean","Under_50","Female",2,"rose","rose flowers","FoodGeneric"
"804","Lab","L_28","Clean","Under_50","Female",3,"orange","none","NoDetect"
"805","Lab","L_28","Clean","Under_50","Female",4,"fish","fish","Source"
"806","Lab","L_28","Clean","Under_50","Female",5,"garlic","garlic","Source"
"807","Lab","L_28","Smelly","Under_50","Female",1,"rose","rose","Source"
"808","Lab","L_28","Smelly","Under_50","Female",2,"fish","fish","Source"
"809","Lab","L_28","Smelly","Under_50","Female",3,"peppermint","mint","FoodGeneric"
"810","Lab","L_28","Smelly","Under_50","Female",4,"orange","none","NoDetect"
"811","Lab","L_28","Smelly","Under_50","Female",5,"garlic","garlic","Source"
"812","Lab","L_29","Clean","50+","Female",1,"garlic","no idea","NoLabel"
"813","Lab","L_29","Clean","50+","Female",2,"fish","not too pleasant decaying","Valence"
"814","Lab","L_29","Clean","50+","Female",2,"fish","not too pleasant decaying","OdorQuality"
"815","Lab","L_29","Clean","50+","Female",3,"rose","more pleasant minty fruity","Valence"
"816","Lab","L_29","Clean","50+","Female",3,"rose","more pleasant minty fruity","FoodGeneric"
"817","Lab","L_29","Clean","50+","Female",4,"peppermint","peppermint","Source"
"818","Lab","L_29","Clean","50+","Female",5,"orange","faint","OdorQuality"
"819","Lab","L_29","Smelly","50+","Female",1,"fish","pickle onion","FoodPersonal"
"820","Lab","L_29","Smelly","50+","Female",2,"rose","no smell","NoDetect"
"821","Lab","L_29","Smelly","50+","Female",3,"orange","smell but none","NoLabel"
"822","Lab","L_29","Smelly","50+","Female",4,"peppermint","mint unsure","FoodGeneric"
"823","Lab","L_29","Smelly","50+","Female",5,"garlic","no smell","NoDetect"
"824","Lab","L_30","Clean","Under_50","Male",1,"peppermint","washing up liquid citrus","Associative"
"825","Lab","L_30","Clean","Under_50","Male",1,"peppermint","washing up liquid citrus","FoodGeneric"
"826","Lab","L_30","Clean","Under_50","Male",2,"orange","lavendar","Associative"
"827","Lab","L_30","Clean","Under_50","Male",3,"rose","flower","FoodGeneric"
"828","Lab","L_30","Clean","Under_50","Male",4,"garlic","garlic","Source"
"829","Lab","L_30","Clean","Under_50","Male",5,"fish","fish","Source"
"830","Lab","L_30","Smelly","Under_50","Male",1,"peppermint","flower","Associative"
"831","Lab","L_30","Smelly","Under_50","Male",2,"garlic","none","NoDetect"
"832","Lab","L_30","Smelly","Under_50","Male",3,"rose","lavendar","Associative"
"833","Lab","L_30","Smelly","Under_50","Male",4,"orange","oranges","Source"
"834","Lab","L_30","Smelly","Under_50","Male",5,"fish","fish","Source"
