"Study","UID","Location","Age","Sex","Trial","Odor","Free"
"Field","F_1","Tate","50+","Male",1,"peppermint","coffee/chocolate"
"Field","F_1","Tate","50+","Male",2,"orange","orange"
"Field","F_1","Tate","50+","Male",3,"garlic","garlic"
"Field","F_1","Tate","50+","Male",4,"rose","leather"
"Field","F_1","Tate","50+","Male",5,"fish","fish"
"Field","F_1","Southwark","50+","Male",1,"rose","citric/smokey"
"Field","F_1","Southwark","50+","Male",2,"orange","orange"
"Field","F_1","Southwark","50+","Male",3,"fish","fish"
"Field","F_1","Southwark","50+","Male",4,"garlic","garlic"
"Field","F_1","Southwark","50+","Male",5,"peppermint","vanilla"
"Field","F_1","Borough","50+","Male",1,"fish","smoke/meat"
"Field","F_1","Borough","50+","Male",2,"peppermint","vanilla"
"Field","F_1","Borough","50+","Male",3,"rose","peppermint"
"Field","F_1","Borough","50+","Male",4,"garlic","garlic"
"Field","F_1","Borough","50+","Male",5,"orange","orange"
"Field","F_2","Tate","Under_50","Female",1,"rose","floral"
"Field","F_2","Tate","Under_50","Female",2,"garlic","garlic"
"Field","F_2","Tate","Under_50","Female",3,"orange","coca cola, haribo"
"Field","F_2","Tate","Under_50","Female",4,"peppermint","peppermint"
"Field","F_2","Tate","Under_50","Female",5,"fish","fish"
"Field","F_2","Southwark","Under_50","Female",1,"fish","fishy"
"Field","F_2","Southwark","Under_50","Female",2,"peppermint","peppermint"
"Field","F_2","Southwark","Under_50","Female",3,"orange","coca cola"
"Field","F_2","Southwark","Under_50","Female",4,"garlic","garlic"
"Field","F_2","Southwark","Under_50","Female",5,"rose","floral"
"Field","F_2","Borough","Under_50","Female",1,"fish","fish"
"Field","F_2","Borough","Under_50","Female",2,"peppermint","peppermint but stronger"
"Field","F_2","Borough","Under_50","Female",3,"orange","sweets"
"Field","F_2","Borough","Under_50","Female",4,"rose","rose but stronger than before"
"Field","F_2","Borough","Under_50","Female",5,"garlic","garlic"
"Field","F_3","Tate","Under_50","Female",1,"rose","lavender"
"Field","F_3","Tate","Under_50","Female",2,"garlic","meaty"
"Field","F_3","Tate","Under_50","Female",3,"orange","citric"
"Field","F_3","Tate","Under_50","Female",4,"peppermint","peppermint"
"Field","F_3","Tate","Under_50","Female",5,"fish","fish"
"Field","F_3","Southwark","Under_50","Female",1,"peppermint","menthol"
"Field","F_3","Southwark","Under_50","Female",2,"fish","fish"
"Field","F_3","Southwark","Under_50","Female",3,"orange","orange"
"Field","F_3","Southwark","Under_50","Female",4,"rose","lavender"
"Field","F_3","Southwark","Under_50","Female",5,"garlic","leather, wood, smokey"
"Field","F_3","Borough","Under_50","Female",1,"garlic","cheese"
"Field","F_3","Borough","Under_50","Female",2,"rose","lavender"
"Field","F_3","Borough","Under_50","Female",3,"orange","orange"
"Field","F_3","Borough","Under_50","Female",4,"peppermint","peppermint"
"Field","F_3","Borough","Under_50","Female",5,"fish","fish"
"Field","F_5","Tate","Under_50","Female",1,"garlic","garlic"
"Field","F_5","Tate","Under_50","Female",2,"rose","flowery"
"Field","F_5","Tate","Under_50","Female",3,"fish","fish"
"Field","F_5","Tate","Under_50","Female",4,"orange","orange"
"Field","F_5","Tate","Under_50","Female",5,"peppermint","mint"
"Field","F_5","Southwark","Under_50","Female",1,"fish","fish"
"Field","F_5","Southwark","Under_50","Female",2,"rose","rose"
"Field","F_5","Southwark","Under_50","Female",3,"garlic","garlic"
"Field","F_5","Southwark","Under_50","Female",4,"peppermint","methol"
"Field","F_5","Southwark","Under_50","Female",5,"orange","orange"
"Field","F_5","Borough","Under_50","Female",1,"rose","flowery, rose"
"Field","F_5","Borough","Under_50","Female",2,"peppermint","mint, menthol"
"Field","F_5","Borough","Under_50","Female",3,"orange","citrusy"
"Field","F_5","Borough","Under_50","Female",4,"garlic","garlicy, onion"
"Field","F_5","Borough","Under_50","Female",5,"fish","fishy"
"Field","F_6","Tate","Under_50","Male",1,"peppermint","peppermint"
"Field","F_6","Tate","Under_50","Male",2,"garlic","pickle"
"Field","F_6","Tate","Under_50","Male",3,"fish","acidic"
"Field","F_6","Tate","Under_50","Male",4,"orange","citric, orange, lemon"
"Field","F_6","Tate","Under_50","Male",5,"rose","lavender"
"Field","F_6","Southwark","Under_50","Male",1,"rose","flowery"
"Field","F_6","Southwark","Under_50","Male",2,"fish","fish"
"Field","F_6","Southwark","Under_50","Male",3,"orange","orange"
"Field","F_6","Southwark","Under_50","Male",4,"peppermint","mint"
"Field","F_6","Southwark","Under_50","Male",5,"garlic","garlic"
"Field","F_6","Borough","Under_50","Male",1,"orange","acidic, citric"
"Field","F_6","Borough","Under_50","Male",2,"garlic","anchovies, fish, garlic"
"Field","F_6","Borough","Under_50","Male",3,"rose","flowery/lavender"
"Field","F_6","Borough","Under_50","Male",4,"peppermint","minty, peppermint"
"Field","F_6","Borough","Under_50","Male",5,"fish","fishy"
"Field","F_7","Tate","Under_50","Female",1,"peppermint","mint, chewing gum"
"Field","F_7","Tate","Under_50","Female",2,"rose","amoniac"
"Field","F_7","Tate","Under_50","Female",3,"orange","lemon"
"Field","F_7","Tate","Under_50","Female",4,"garlic","onion"
"Field","F_7","Tate","Under_50","Female",5,"fish","fish"
"Field","F_7","Southwark","Under_50","Female",1,"peppermint","peppermint"
"Field","F_7","Southwark","Under_50","Female",2,"garlic","garlic"
"Field","F_7","Southwark","Under_50","Female",3,"orange","orange"
"Field","F_7","Southwark","Under_50","Female",4,"rose","rose but stronger than before"
"Field","F_7","Southwark","Under_50","Female",5,"fish","fish"
"Field","F_7","Borough","Under_50","Female",1,"rose","rose"
"Field","F_7","Borough","Under_50","Female",2,"fish","fish"
"Field","F_7","Borough","Under_50","Female",3,"garlic","garlic"
"Field","F_7","Borough","Under_50","Female",4,"peppermint","peppermint"
"Field","F_7","Borough","Under_50","Female",5,"orange","orange"
"Field","F_8","Tate","Under_50","Female",1,"garlic","food"
"Field","F_8","Tate","Under_50","Female",2,"peppermint","peppermint"
"Field","F_8","Tate","Under_50","Female",3,"rose","perfume/flower"
"Field","F_8","Tate","Under_50","Female",4,"orange","orange"
"Field","F_8","Tate","Under_50","Female",5,"fish","fish soup"
"Field","F_8","Southwark","Under_50","Female",1,"fish","fish"
"Field","F_8","Southwark","Under_50","Female",2,"peppermint","peppermint"
"Field","F_8","Southwark","Under_50","Female",3,"rose","flower/not food"
"Field","F_8","Southwark","Under_50","Female",4,"garlic","garlic"
"Field","F_8","Southwark","Under_50","Female",5,"orange","orange, fruit"
"Field","F_8","Borough","Under_50","Female",1,"orange","orange with chocolate"
"Field","F_8","Borough","Under_50","Female",2,"garlic","garlic"
"Field","F_8","Borough","Under_50","Female",3,"peppermint","peppermint"
"Field","F_8","Borough","Under_50","Female",4,"fish","fish"
"Field","F_8","Borough","Under_50","Female",5,"rose","flower but not rose"
"Field","F_9","Tate","Under_50","Male",1,"orange","mandarin"
"Field","F_9","Tate","Under_50","Male",2,"peppermint","peppermint/mint"
"Field","F_9","Tate","Under_50","Male",3,"rose","none"
"Field","F_9","Tate","Under_50","Male",4,"garlic","garlic"
"Field","F_9","Tate","Under_50","Male",5,"fish","not good"
"Field","F_9","Southwark","Under_50","Male",1,"orange","citric, lime, lemon"
"Field","F_9","Southwark","Under_50","Male",2,"garlic","garlic"
"Field","F_9","Southwark","Under_50","Male",3,"rose","chewing gum, cinnamon"
"Field","F_9","Southwark","Under_50","Male",4,"peppermint","no smell"
"Field","F_9","Southwark","Under_50","Male",5,"fish","glue"
"Field","F_9","Borough","Under_50","Male",1,"garlic","garlic"
"Field","F_9","Borough","Under_50","Male",2,"rose","glue, sewage"
"Field","F_9","Borough","Under_50","Male",3,"fish","not pleasant, wet cloth"
"Field","F_9","Borough","Under_50","Male",4,"peppermint","mint"
"Field","F_9","Borough","Under_50","Male",5,"orange","orange"
"Field","F_10","Tate","Under_50","Female",1,"peppermint","mint"
"Field","F_10","Tate","Under_50","Female",2,"fish","fish"
"Field","F_10","Tate","Under_50","Female",3,"orange","maybe flavoured chocolate"
"Field","F_10","Tate","Under_50","Female",4,"rose","rose"
"Field","F_10","Tate","Under_50","Female",5,"garlic","garlic"
"Field","F_10","Southwark","Under_50","Female",1,"garlic","garlic"
"Field","F_10","Southwark","Under_50","Female",2,"peppermint","mint"
"Field","F_10","Southwark","Under_50","Female",3,"orange","orange"
"Field","F_10","Southwark","Under_50","Female",4,"fish","fish"
"Field","F_10","Southwark","Under_50","Female",5,"rose","rose"
"Field","F_10","Borough","Under_50","Female",1,"rose","rose"
"Field","F_10","Borough","Under_50","Female",2,"fish","fish"
"Field","F_10","Borough","Under_50","Female",3,"orange","orange"
"Field","F_10","Borough","Under_50","Female",4,"garlic","garlic"
"Field","F_10","Borough","Under_50","Female",5,"peppermint","mint"
"Field","F_11","Tate","Under_50","Female",1,"orange","ointment-like you would find in a spa"
"Field","F_11","Tate","Under_50","Female",2,"rose","flowery"
"Field","F_11","Tate","Under_50","Female",3,"fish","none"
"Field","F_11","Tate","Under_50","Female",4,"garlic","garlic"
"Field","F_11","Tate","Under_50","Female",5,"peppermint","peppermint"
"Field","F_11","Southwark","Under_50","Female",1,"fish","fish"
"Field","F_11","Southwark","Under_50","Female",2,"garlic","garlic"
"Field","F_11","Southwark","Under_50","Female",3,"peppermint","peppermint"
"Field","F_11","Southwark","Under_50","Female",4,"rose","none"
"Field","F_11","Southwark","Under_50","Female",5,"orange","orange"
"Field","F_11","Borough","Under_50","Female",1,"peppermint","peppermint"
"Field","F_11","Borough","Under_50","Female",2,"garlic","garlic"
"Field","F_11","Borough","Under_50","Female",3,"fish","fish"
"Field","F_11","Borough","Under_50","Female",4,"rose","none"
"Field","F_11","Borough","Under_50","Female",5,"orange","orange"
"Field","F_12","Tate","Under_50","Male",1,"peppermint","peppermint"
"Field","F_12","Tate","Under_50","Male",2,"rose","none"
"Field","F_12","Tate","Under_50","Male",3,"fish","none"
"Field","F_12","Tate","Under_50","Male",4,"garlic","none"
"Field","F_12","Tate","Under_50","Male",5,"orange","orange"
"Field","F_12","Southwark","Under_50","Male",1,"orange","none"
"Field","F_12","Southwark","Under_50","Male",2,"garlic","garlic"
"Field","F_12","Southwark","Under_50","Male",3,"peppermint","none"
"Field","F_12","Southwark","Under_50","Male",4,"rose","none"
"Field","F_12","Southwark","Under_50","Male",5,"fish","fish"
"Field","F_12","Borough","Under_50","Male",1,"fish","fish"
"Field","F_12","Borough","Under_50","Male",2,"garlic","garlic"
"Field","F_12","Borough","Under_50","Male",3,"rose","none"
"Field","F_12","Borough","Under_50","Male",4,"peppermint","peppermint"
"Field","F_12","Borough","Under_50","Male",5,"orange","orange"
"Field","F_13","Tate","Under_50","Male",1,"orange","none"
"Field","F_13","Tate","Under_50","Male",2,"rose","none"
"Field","F_13","Tate","Under_50","Male",3,"fish","fishy"
"Field","F_13","Tate","Under_50","Male",4,"peppermint","peppermint"
"Field","F_13","Tate","Under_50","Male",5,"garlic","none"
"Field","F_13","Southwark","Under_50","Male",1,"garlic","garlic"
"Field","F_13","Southwark","Under_50","Male",2,"rose","fruity, berry"
"Field","F_13","Southwark","Under_50","Male",3,"orange","none"
"Field","F_13","Southwark","Under_50","Male",4,"peppermint","familiar"
"Field","F_13","Southwark","Under_50","Male",5,"fish","fish"
"Field","F_13","Borough","Under_50","Male",1,"peppermint","peppermint"
"Field","F_13","Borough","Under_50","Male",2,"garlic","garlic"
"Field","F_13","Borough","Under_50","Male",3,"rose","none"
"Field","F_13","Borough","Under_50","Male",4,"orange","none"
"Field","F_13","Borough","Under_50","Male",5,"fish","fish"
"Field","F_14","Tate","Under_50","Female",1,"fish","fish"
"Field","F_14","Tate","Under_50","Female",2,"rose","berries"
"Field","F_14","Tate","Under_50","Female",3,"orange","orange"
"Field","F_14","Tate","Under_50","Female",4,"peppermint","peppermint"
"Field","F_14","Tate","Under_50","Female",5,"garlic","garlic"
"Field","F_14","Southwark","Under_50","Female",1,"orange","orange"
"Field","F_14","Southwark","Under_50","Female",2,"garlic","garlic"
"Field","F_14","Southwark","Under_50","Female",3,"rose","fruit, berries"
"Field","F_14","Southwark","Under_50","Female",4,"peppermint","peppermint"
"Field","F_14","Southwark","Under_50","Female",5,"fish","fish"
"Field","F_14","Borough","Under_50","Female",1,"fish","fish"
"Field","F_14","Borough","Under_50","Female",2,"garlic","garlic"
"Field","F_14","Borough","Under_50","Female",3,"peppermint","mint"
"Field","F_14","Borough","Under_50","Female",4,"rose","berries"
"Field","F_14","Borough","Under_50","Female",5,"orange","none"
"Field","F_15","Tate","Under_50","Male",1,"orange","orange"
"Field","F_15","Tate","Under_50","Male",2,"rose","none"
"Field","F_15","Tate","Under_50","Male",3,"peppermint","mint"
"Field","F_15","Tate","Under_50","Male",4,"garlic","garlic"
"Field","F_15","Tate","Under_50","Male",5,"fish","fish"
"Field","F_15","Southwark","Under_50","Male",1,"fish","garlic"
"Field","F_15","Southwark","Under_50","Male",2,"orange","orange"
"Field","F_15","Southwark","Under_50","Male",3,"peppermint","peppermint"
"Field","F_15","Southwark","Under_50","Male",4,"rose","fruit sweet"
"Field","F_15","Southwark","Under_50","Male",5,"garlic","garlic"
"Field","F_15","Borough","Under_50","Male",1,"fish","fish"
"Field","F_15","Borough","Under_50","Male",2,"peppermint","orange"
"Field","F_15","Borough","Under_50","Male",3,"rose","orange"
"Field","F_15","Borough","Under_50","Male",4,"garlic","garlic"
"Field","F_15","Borough","Under_50","Male",5,"orange","sweet cherry"
"Field","F_16","Tate","Under_50","Male",1,"rose","rose"
"Field","F_16","Tate","Under_50","Male",2,"fish","fish"
"Field","F_16","Tate","Under_50","Male",3,"garlic","garlic"
"Field","F_16","Tate","Under_50","Male",4,"orange","none"
"Field","F_16","Tate","Under_50","Male",5,"peppermint","mint"
"Field","F_16","Southwark","Under_50","Male",1,"fish","fish"
"Field","F_16","Southwark","Under_50","Male",2,"rose","rose"
"Field","F_16","Southwark","Under_50","Male",3,"orange","orange"
"Field","F_16","Southwark","Under_50","Male",4,"peppermint","chewing gum"
"Field","F_16","Southwark","Under_50","Male",5,"garlic","garlic"
"Field","F_16","Borough","Under_50","Male",1,"orange","orange"
"Field","F_16","Borough","Under_50","Male",2,"fish","fish"
"Field","F_16","Borough","Under_50","Male",3,"rose","rose"
"Field","F_16","Borough","Under_50","Male",4,"garlic","garlic"
"Field","F_16","Borough","Under_50","Male",5,"peppermint","chewing gum"
"Field","F_17","Tate","Under_50","Female",1,"fish","fish"
"Field","F_17","Tate","Under_50","Female",2,"peppermint","mint"
"Field","F_17","Tate","Under_50","Female",3,"orange","pineapple"
"Field","F_17","Tate","Under_50","Female",4,"garlic","garbage"
"Field","F_17","Tate","Under_50","Female",5,"rose","melon"
"Field","F_17","Southwark","Under_50","Female",1,"garlic","none"
"Field","F_17","Southwark","Under_50","Female",2,"peppermint","mento"
"Field","F_17","Southwark","Under_50","Female",3,"fish","fish"
"Field","F_17","Southwark","Under_50","Female",4,"orange","pineapple"
"Field","F_17","Southwark","Under_50","Female",5,"rose","rose water"
"Field","F_17","Borough","Under_50","Female",1,"peppermint","rose"
"Field","F_17","Borough","Under_50","Female",2,"garlic","garlic"
"Field","F_17","Borough","Under_50","Female",3,"rose","rose"
"Field","F_17","Borough","Under_50","Female",4,"fish","none"
"Field","F_17","Borough","Under_50","Female",5,"orange","none"
"Field","F_18","Tate","50+","Female",1,"garlic","none"
"Field","F_18","Tate","50+","Female",2,"peppermint","peppermint"
"Field","F_18","Tate","50+","Female",3,"rose","rose"
"Field","F_18","Tate","50+","Female",4,"orange","orange or bergamot"
"Field","F_18","Tate","50+","Female",5,"fish","amonia"
"Field","F_18","Southwark","50+","Female",1,"orange","lemon"
"Field","F_18","Southwark","50+","Female",2,"peppermint","menthol"
"Field","F_18","Southwark","50+","Female",3,"rose","rose"
"Field","F_18","Southwark","50+","Female",4,"fish","none"
"Field","F_18","Southwark","50+","Female",5,"garlic","onion"
"Field","F_18","Borough","50+","Female",1,"orange","orange"
"Field","F_18","Borough","50+","Female",2,"peppermint","peppermint"
"Field","F_18","Borough","50+","Female",3,"garlic","onion"
"Field","F_18","Borough","50+","Female",4,"fish","none"
"Field","F_18","Borough","50+","Female",5,"rose","rose water"
"Field","F_19","Tate","Under_50","Male",1,"orange","lemon"
"Field","F_19","Tate","Under_50","Male",2,"garlic","none"
"Field","F_19","Tate","Under_50","Male",3,"fish","not good smell, something I don't like"
"Field","F_19","Tate","Under_50","Male",4,"peppermint","menthol"
"Field","F_19","Tate","Under_50","Male",5,"rose","nice smell, perfume, something like vanilla, banana"
"Field","F_19","Southwark","Under_50","Male",1,"peppermint","menthol"
"Field","F_19","Southwark","Under_50","Male",2,"fish","no smell"
"Field","F_19","Southwark","Under_50","Male",3,"orange","lemon, chewing gum"
"Field","F_19","Southwark","Under_50","Male",4,"rose","like vanilla/lavender"
"Field","F_19","Southwark","Under_50","Male",5,"garlic","none"
"Field","F_19","Borough","Under_50","Male",1,"orange","I liked it; close to lemon"
"Field","F_19","Borough","Under_50","Male",2,"garlic","garlic"
"Field","F_19","Borough","Under_50","Male",3,"rose","I like it; like fresh bed linen"
"Field","F_19","Borough","Under_50","Male",4,"peppermint","menthol"
"Field","F_19","Borough","Under_50","Male",5,"fish","fish"
"Field","F_20","Tate","Under_50","Male",1,"rose","fruity flower, iris"
"Field","F_20","Tate","Under_50","Male",2,"peppermint","minty/menthol"
"Field","F_20","Tate","Under_50","Male",3,"garlic","uncomfortable rubber/leather"
"Field","F_20","Tate","Under_50","Male",4,"fish","uncomfortable, bad, oily"
"Field","F_20","Tate","Under_50","Male",5,"orange","chewing gum, sweet perfume fruity"
"Field","F_20","Southwark","Under_50","Male",1,"rose","rose"
"Field","F_20","Southwark","Under_50","Male",2,"fish","none"
"Field","F_20","Southwark","Under_50","Male",3,"peppermint","chewing gum, cinnamon"
"Field","F_20","Southwark","Under_50","Male",4,"orange","lemon"
"Field","F_20","Southwark","Under_50","Male",5,"garlic","leather"
"Field","F_20","Borough","Under_50","Male",1,"rose","rose"
"Field","F_20","Borough","Under_50","Male",2,"fish","awful"
"Field","F_20","Borough","Under_50","Male",3,"orange","peppermint"
"Field","F_20","Borough","Under_50","Male",4,"garlic","industrial glue"
"Field","F_20","Borough","Under_50","Male",5,"peppermint","chewing gum"
"Field","F_21","Tate","50+","Male",1,"orange","sweet like apple"
"Field","F_21","Tate","50+","Male",2,"fish","fish"
"Field","F_21","Tate","50+","Male",3,"rose","rose"
"Field","F_21","Tate","50+","Male",4,"peppermint","peppermint"
"Field","F_21","Tate","50+","Male",5,"garlic","smokey"
"Field","F_21","Southwark","50+","Male",1,"rose","rose"
"Field","F_21","Southwark","50+","Male",2,"orange","orange"
"Field","F_21","Southwark","50+","Male",3,"fish","glue"
"Field","F_21","Southwark","50+","Male",4,"garlic","garlic"
"Field","F_21","Southwark","50+","Male",5,"peppermint","peppermint"
"Field","F_21","Borough","50+","Male",1,"peppermint","peppermint"
"Field","F_21","Borough","50+","Male",2,"garlic","garlic"
"Field","F_21","Borough","50+","Male",3,"orange","lemon"
"Field","F_21","Borough","50+","Male",4,"rose","rose"
"Field","F_21","Borough","50+","Male",5,"fish","fish"
"Field","F_22","Tate","50+","Female",1,"rose","rosewater"
"Field","F_22","Tate","50+","Female",2,"fish","seafood"
"Field","F_22","Tate","50+","Female",3,"orange","pickle"
"Field","F_22","Tate","50+","Female",4,"peppermint","aniseed"
"Field","F_22","Tate","50+","Female",5,"garlic","mustard"
"Field","F_22","Southwark","50+","Female",1,"rose","rose"
"Field","F_22","Southwark","50+","Female",2,"garlic","mustard"
"Field","F_22","Southwark","50+","Female",3,"fish","fish"
"Field","F_22","Southwark","50+","Female",4,"orange","sweet"
"Field","F_22","Southwark","50+","Female",5,"peppermint","peppermint"
"Field","F_22","Borough","50+","Female",1,"peppermint","peppermint"
"Field","F_22","Borough","50+","Female",2,"garlic","garlic"
"Field","F_22","Borough","50+","Female",3,"orange","sweet subtle spice"
"Field","F_22","Borough","50+","Female",4,"rose","rose"
"Field","F_22","Borough","50+","Female",5,"fish","fish"
"Field","F_23","Tate","50+","Male",1,"rose","arabica coffee; sweet"
"Field","F_23","Tate","50+","Male",2,"orange","herby, mint"
"Field","F_23","Tate","50+","Male",3,"fish","fish"
"Field","F_23","Tate","50+","Male",4,"peppermint","menthol"
"Field","F_23","Tate","50+","Male",5,"garlic","food, garlic"
"Field","F_23","Southwark","50+","Male",1,"rose","lipstick"
"Field","F_23","Southwark","50+","Male",2,"garlic","garlic"
"Field","F_23","Southwark","50+","Male",3,"fish","prawns"
"Field","F_23","Southwark","50+","Male",4,"orange","dill"
"Field","F_23","Southwark","50+","Male",5,"peppermint","butterscotch"
"Field","F_23","Borough","50+","Male",1,"garlic","garlic"
"Field","F_23","Borough","50+","Male",2,"peppermint","butterscotch"
"Field","F_23","Borough","50+","Male",3,"rose","lipstick"
"Field","F_23","Borough","50+","Male",4,"orange","none"
"Field","F_23","Borough","50+","Male",5,"fish","fish"
"Field","F_24","Tate","Under_50","Female",1,"rose","strong acid"
"Field","F_24","Tate","Under_50","Female",2,"orange","chewing gum"
"Field","F_24","Tate","Under_50","Female",3,"fish","fish"
"Field","F_24","Tate","Under_50","Female",4,"garlic","chinese food, onion"
"Field","F_24","Tate","Under_50","Female",5,"peppermint","mint"
"Field","F_24","Southwark","Under_50","Female",1,"fish","fish"
"Field","F_24","Southwark","Under_50","Female",2,"rose","rose"
"Field","F_24","Southwark","Under_50","Female",3,"orange","chewing gum"
"Field","F_24","Southwark","Under_50","Female",4,"peppermint","peppermint"
"Field","F_24","Southwark","Under_50","Female",5,"garlic","onion"
"Field","F_24","Borough","Under_50","Female",1,"orange","vanilla ice cream"
"Field","F_24","Borough","Under_50","Female",2,"garlic","onion"
"Field","F_24","Borough","Under_50","Female",3,"peppermint","peppermint"
"Field","F_24","Borough","Under_50","Female",4,"fish","fish"
"Field","F_24","Borough","Under_50","Female",5,"rose","rose"
"Field","F_40","Tate","50+","Male",1,"peppermint","mint"
"Field","F_40","Tate","50+","Male",2,"garlic","garlic"
"Field","F_40","Tate","50+","Male",3,"orange","orange"
"Field","F_40","Tate","50+","Male",4,"fish","fish"
"Field","F_40","Tate","50+","Male",5,"rose","rose"
"Field","F_40","Southwark","50+","Male",1,"rose","rose"
"Field","F_40","Southwark","50+","Male",2,"garlic","garlic"
"Field","F_40","Southwark","50+","Male",3,"fish","fish"
"Field","F_40","Southwark","50+","Male",4,"orange","none"
"Field","F_40","Southwark","50+","Male",5,"peppermint","chewing gum"
"Field","F_40","Borough","50+","Male",1,"fish","bad smell"
"Field","F_40","Borough","50+","Male",2,"peppermint","menthol, chewing gum"
"Field","F_40","Borough","50+","Male",3,"orange","pear"
"Field","F_40","Borough","50+","Male",4,"garlic","garlic"
"Field","F_40","Borough","50+","Male",5,"rose","no smell"
"Field","F_41","Tate","50+","Female",1,"fish","fish"
"Field","F_41","Tate","50+","Female",2,"rose","rose"
"Field","F_41","Tate","50+","Female",3,"garlic","garlic"
"Field","F_41","Tate","50+","Female",4,"peppermint","no smell"
"Field","F_41","Tate","50+","Female",5,"orange","no smell"
"Field","F_41","Southwark","50+","Female",1,"fish","fish"
"Field","F_41","Southwark","50+","Female",2,"rose","rose"
"Field","F_41","Southwark","50+","Female",3,"peppermint","peppermint"
"Field","F_41","Southwark","50+","Female",4,"garlic","garlic"
"Field","F_41","Southwark","50+","Female",5,"orange","orange"
"Field","F_41","Borough","50+","Female",1,"garlic","garlic"
"Field","F_41","Borough","50+","Female",2,"fish","fish"
"Field","F_41","Borough","50+","Female",3,"orange","mint (not sure--don't think that's right!)"
"Field","F_41","Borough","50+","Female",4,"rose","rose"
"Field","F_41","Borough","50+","Female",5,"peppermint","peppermint"
"Field","F_43","Tate","Under_50","Female",1,"peppermint","mint"
"Field","F_43","Tate","Under_50","Female",2,"garlic","garlic"
"Field","F_43","Tate","Under_50","Female",3,"orange","orange"
"Field","F_43","Tate","Under_50","Female",4,"rose","none"
"Field","F_43","Tate","Under_50","Female",5,"fish","fish"
"Field","F_43","Southwark","Under_50","Female",1,"garlic","garlic"
"Field","F_43","Southwark","Under_50","Female",2,"peppermint","peppermint"
"Field","F_43","Southwark","Under_50","Female",3,"rose","flowery perfume"
"Field","F_43","Southwark","Under_50","Female",4,"orange","orange"
"Field","F_43","Southwark","Under_50","Female",5,"fish","fish"
"Field","F_43","Borough","Under_50","Female",1,"peppermint","peppermint"
"Field","F_43","Borough","Under_50","Female",2,"orange","no smell"
"Field","F_43","Borough","Under_50","Female",3,"garlic","garlic"
"Field","F_43","Borough","Under_50","Female",4,"fish","fish"
"Field","F_43","Borough","Under_50","Female",5,"rose","rose"
"Field","F_44","Tate","Under_50","Female",1,"peppermint","mint"
"Field","F_44","Tate","Under_50","Female",2,"garlic","wood"
"Field","F_44","Tate","Under_50","Female",3,"orange","orange"
"Field","F_44","Tate","Under_50","Female",4,"rose","rose"
"Field","F_44","Tate","Under_50","Female",5,"fish","smoked bacon"
"Field","F_44","Southwark","Under_50","Female",1,"peppermint","peppermint"
"Field","F_44","Southwark","Under_50","Female",2,"orange","orange"
"Field","F_44","Southwark","Under_50","Female",3,"garlic","ham"
"Field","F_44","Southwark","Under_50","Female",4,"rose","wood"
"Field","F_44","Southwark","Under_50","Female",5,"fish","ham"
"Field","F_44","Borough","Under_50","Female",1,"peppermint","peppermint"
"Field","F_44","Borough","Under_50","Female",2,"rose","orange"
"Field","F_44","Borough","Under_50","Female",3,"garlic","ham"
"Field","F_44","Borough","Under_50","Female",4,"orange","orange"
"Field","F_44","Borough","Under_50","Female",5,"fish","ham"
"Field","F_45","Tate","Under_50","Female",1,"garlic","maybe meat & tomatoes"
"Field","F_45","Tate","Under_50","Female",2,"peppermint","mint"
"Field","F_45","Tate","Under_50","Female",3,"orange","none"
"Field","F_45","Tate","Under_50","Female",4,"rose","none"
"Field","F_45","Tate","Under_50","Female",5,"fish","fish"
"Field","F_45","Southwark","Under_50","Female",1,"rose","soap"
"Field","F_45","Southwark","Under_50","Female",2,"orange","orange"
"Field","F_45","Southwark","Under_50","Female",3,"fish","fish"
"Field","F_45","Southwark","Under_50","Female",4,"peppermint","peppermint"
"Field","F_45","Southwark","Under_50","Female",5,"garlic","garlic"
"Field","F_45","Borough","Under_50","Female",1,"rose","rose"
"Field","F_45","Borough","Under_50","Female",2,"fish","fish"
"Field","F_45","Borough","Under_50","Female",3,"garlic","garlic"
"Field","F_45","Borough","Under_50","Female",4,"peppermint","peppermint"
"Field","F_45","Borough","Under_50","Female",5,"orange","orange"
"Field","F_46","Tate","Under_50","Female",1,"garlic","garlic"
"Field","F_46","Tate","Under_50","Female",2,"peppermint","mint"
"Field","F_46","Tate","Under_50","Female",3,"orange","fruity"
"Field","F_46","Tate","Under_50","Female",4,"fish","meat"
"Field","F_46","Tate","Under_50","Female",5,"rose","rose"
"Field","F_46","Southwark","Under_50","Female",1,"peppermint","menthol"
"Field","F_46","Southwark","Under_50","Female",2,"fish","fish"
"Field","F_46","Southwark","Under_50","Female",3,"rose","rose"
"Field","F_46","Southwark","Under_50","Female",4,"garlic","garlic"
"Field","F_46","Southwark","Under_50","Female",5,"orange","orange"
"Field","F_46","Borough","Under_50","Female",1,"orange","rose"
"Field","F_46","Borough","Under_50","Female",2,"peppermint","menthol"
"Field","F_46","Borough","Under_50","Female",3,"garlic","garlic"
"Field","F_46","Borough","Under_50","Female",4,"fish","fish"
"Field","F_46","Borough","Under_50","Female",5,"rose","rose"
"Lab","L_1","Clean","Under_50","Female",1,"peppermint","mint"
"Lab","L_1","Clean","Under_50","Female",2,"orange","orange"
"Lab","L_1","Clean","Under_50","Female",3,"fish","old shrimp"
"Lab","L_1","Clean","Under_50","Female",4,"garlic","garlic"
"Lab","L_1","Clean","Under_50","Female",5,"rose","rose"
"Lab","L_1","Smelly","Under_50","Female",1,"fish","fish"
"Lab","L_1","Smelly","Under_50","Female",2,"rose","rose"
"Lab","L_1","Smelly","Under_50","Female",3,"peppermint","peppermint"
"Lab","L_1","Smelly","Under_50","Female",4,"orange","orange"
"Lab","L_1","Smelly","Under_50","Female",5,"garlic","garlic"
"Lab","L_2","Clean","Under_50","Male",1,"orange","citrusy"
"Lab","L_2","Clean","Under_50","Male",2,"fish","savoury"
"Lab","L_2","Clean","Under_50","Male",3,"peppermint","don't know"
"Lab","L_2","Clean","Under_50","Male",4,"rose","shoe polish"
"Lab","L_2","Clean","Under_50","Male",5,"garlic","sharp herby pungeant"
"Lab","L_2","Smelly","Under_50","Male",1,"peppermint","chewing gum"
"Lab","L_2","Smelly","Under_50","Male",2,"fish","musty not nice"
"Lab","L_2","Smelly","Under_50","Male",3,"orange","citrusy"
"Lab","L_2","Smelly","Under_50","Male",4,"garlic","herby pungeant"
"Lab","L_2","Smelly","Under_50","Male",5,"rose","shoe polish"
"Lab","L_3","Clean","Under_50","Female",1,"rose","pleasant familiar can't place it plaster"
"Lab","L_3","Clean","Under_50","Female",2,"fish","fish"
"Lab","L_3","Clean","Under_50","Female",3,"orange","orange citrusy"
"Lab","L_3","Clean","Under_50","Female",4,"garlic","garlic"
"Lab","L_3","Clean","Under_50","Female",5,"peppermint","peppermint tea"
"Lab","L_3","Smelly","Under_50","Female",1,"fish","fish"
"Lab","L_3","Smelly","Under_50","Female",2,"garlic","garlic"
"Lab","L_3","Smelly","Under_50","Female",3,"rose","pleasant fruity familiar"
"Lab","L_3","Smelly","Under_50","Female",4,"peppermint","peppermint"
"Lab","L_3","Smelly","Under_50","Female",5,"orange","orange"
"Lab","L_4","Clean","Under_50","Female",1,"fish","fish"
"Lab","L_4","Clean","Under_50","Female",2,"orange","fruity-tropical"
"Lab","L_4","Clean","Under_50","Female",3,"rose","rose"
"Lab","L_4","Clean","Under_50","Female",4,"garlic","garlic chive onion"
"Lab","L_4","Clean","Under_50","Female",5,"peppermint","peppermint"
"Lab","L_4","Smelly","Under_50","Female",1,"rose","rose"
"Lab","L_4","Smelly","Under_50","Female",2,"garlic","chives onion"
"Lab","L_4","Smelly","Under_50","Female",3,"fish","fish"
"Lab","L_4","Smelly","Under_50","Female",4,"peppermint","peppermint"
"Lab","L_4","Smelly","Under_50","Female",5,"orange","orange"
"Lab","L_5","Clean","50+","Female",1,"garlic","vinegar familiar"
"Lab","L_5","Clean","50+","Female",2,"orange","orange"
"Lab","L_5","Clean","50+","Female",3,"rose","rose petals"
"Lab","L_5","Clean","50+","Female",4,"peppermint","mint"
"Lab","L_5","Clean","50+","Female",5,"fish","fish sauce"
"Lab","L_5","Smelly","50+","Female",1,"orange","orange"
"Lab","L_5","Smelly","50+","Female",2,"garlic","garlic"
"Lab","L_5","Smelly","50+","Female",3,"fish","fish"
"Lab","L_5","Smelly","50+","Female",4,"rose","rose"
"Lab","L_5","Smelly","50+","Female",5,"peppermint","mint"
"Lab","L_6","Clean","Under_50","Male",1,"rose","rose"
"Lab","L_6","Clean","Under_50","Male",2,"orange","citrusy grapefruit"
"Lab","L_6","Clean","Under_50","Male",3,"garlic","garlic unpleasant"
"Lab","L_6","Clean","Under_50","Male",4,"fish","fish"
"Lab","L_6","Clean","Under_50","Male",5,"peppermint","mint peppermint"
"Lab","L_6","Smelly","Under_50","Male",1,"orange","orange"
"Lab","L_6","Smelly","Under_50","Male",2,"fish","fish"
"Lab","L_6","Smelly","Under_50","Male",3,"rose","rose"
"Lab","L_6","Smelly","Under_50","Male",4,"garlic","garlic"
"Lab","L_6","Smelly","Under_50","Male",5,"peppermint","peppermint"
"Lab","L_7","Clean","50+","Male",1,"garlic","garlic"
"Lab","L_7","Clean","50+","Male",2,"fish","fish"
"Lab","L_7","Clean","50+","Male",3,"rose","rose"
"Lab","L_7","Clean","50+","Male",4,"orange","orange"
"Lab","L_7","Clean","50+","Male",5,"peppermint","mint"
"Lab","L_7","Smelly","50+","Male",1,"rose","rose"
"Lab","L_7","Smelly","50+","Male",2,"peppermint","peppermint"
"Lab","L_7","Smelly","50+","Male",3,"garlic","garlic"
"Lab","L_7","Smelly","50+","Male",4,"fish","fish"
"Lab","L_7","Smelly","50+","Male",5,"orange","orange"
"Lab","L_8","Clean","50+","Male",1,"garlic","earthy, not pleasant none"
"Lab","L_8","Clean","50+","Male",2,"fish","fish"
"Lab","L_8","Clean","50+","Male",3,"peppermint","mint"
"Lab","L_8","Clean","50+","Male",4,"orange","lemon"
"Lab","L_8","Clean","50+","Male",5,"rose","none"
"Lab","L_8","Smelly","50+","Male",1,"garlic","garlic"
"Lab","L_8","Smelly","50+","Male",2,"rose","none"
"Lab","L_8","Smelly","50+","Male",3,"orange","none"
"Lab","L_8","Smelly","50+","Male",4,"fish","fish"
"Lab","L_8","Smelly","50+","Male",5,"peppermint","peppermint"
"Lab","L_9","Clean","Under_50","Male",1,"fish","no smell"
"Lab","L_9","Clean","Under_50","Male",2,"garlic","pungent unpleasant"
"Lab","L_9","Clean","Under_50","Male",3,"peppermint","pleasant fruity orangey"
"Lab","L_9","Clean","Under_50","Male",4,"orange","fruit strawberry pineapple"
"Lab","L_9","Clean","Under_50","Male",5,"rose","pleasant flower rose"
"Lab","L_9","Smelly","Under_50","Male",1,"garlic","none"
"Lab","L_9","Smelly","Under_50","Male",2,"peppermint","none"
"Lab","L_9","Smelly","Under_50","Male",3,"fish","unpleasant"
"Lab","L_9","Smelly","Under_50","Male",4,"orange","none"
"Lab","L_9","Smelly","Under_50","Male",5,"rose","fruity"
"Lab","L_10","Clean","Under_50","Male",1,"garlic","onion"
"Lab","L_10","Clean","Under_50","Male",2,"orange","citrus lime/lemon/orange"
"Lab","L_10","Clean","Under_50","Male",3,"peppermint","peppermint"
"Lab","L_10","Clean","Under_50","Male",4,"rose","chemical toilet/air cleaner"
"Lab","L_10","Clean","Under_50","Male",5,"fish","fish thai/dried shrimp"
"Lab","L_10","Smelly","Under_50","Male",1,"peppermint","peppermint"
"Lab","L_10","Smelly","Under_50","Male",2,"orange","lime, orange"
"Lab","L_10","Smelly","Under_50","Male",3,"garlic","garlic"
"Lab","L_10","Smelly","Under_50","Male",4,"fish","thai chinese fish dried shrimp"
"Lab","L_10","Smelly","Under_50","Male",5,"rose","rose horrible air freshener"
"Lab","L_11","Clean","Under_50","Female",1,"garlic","familiar, not sure, abrasive, nicopen"
"Lab","L_11","Clean","Under_50","Female",2,"fish","fish"
"Lab","L_11","Clean","Under_50","Female",3,"peppermint","peppermint, mint"
"Lab","L_11","Clean","Under_50","Female",4,"rose","sweet smell, musk, lifesavers"
"Lab","L_11","Clean","Under_50","Female",5,"orange","orange"
"Lab","L_11","Smelly","Under_50","Female",1,"fish","fishy"
"Lab","L_11","Smelly","Under_50","Female",2,"orange","orange"
"Lab","L_11","Smelly","Under_50","Female",3,"peppermint","peppermint"
"Lab","L_11","Smelly","Under_50","Female",4,"garlic","abrasive sharp pungent"
"Lab","L_11","Smelly","Under_50","Female",5,"rose","rose"
"Lab","L_12","Clean","Under_50","Female",1,"orange","citrusy sweet"
"Lab","L_12","Clean","Under_50","Female",2,"garlic","cheese and onion crisps"
"Lab","L_12","Clean","Under_50","Female",3,"peppermint","don't know, but did smell it"
"Lab","L_12","Clean","Under_50","Female",4,"fish","light scent"
"Lab","L_12","Clean","Under_50","Female",5,"rose","sweet chocolately"
"Lab","L_12","Smelly","Under_50","Female",1,"orange","sweet chocolatey"
"Lab","L_12","Smelly","Under_50","Female",2,"peppermint","not food alcohol-based"
"Lab","L_12","Smelly","Under_50","Female",3,"rose","no smell"
"Lab","L_12","Smelly","Under_50","Female",4,"garlic","cheese and onion"
"Lab","L_12","Smelly","Under_50","Female",5,"fish","no smell"
"Lab","L_13","Clean","Under_50","Female",1,"rose","roses"
"Lab","L_13","Clean","Under_50","Female",2,"garlic","familiar, spice, like in beef jerky, paprika"
"Lab","L_13","Clean","Under_50","Female",3,"fish","fish"
"Lab","L_13","Clean","Under_50","Female",4,"orange","pineapple"
"Lab","L_13","Clean","Under_50","Female",5,"peppermint","peppermint"
"Lab","L_13","Smelly","Under_50","Female",1,"peppermint","peppermint"
"Lab","L_13","Smelly","Under_50","Female",2,"garlic","ham cheese onion"
"Lab","L_13","Smelly","Under_50","Female",3,"rose","rose"
"Lab","L_13","Smelly","Under_50","Female",4,"fish","fish"
"Lab","L_13","Smelly","Under_50","Female",5,"orange","lemon pineapple cherry"
"Lab","L_14","Clean","Under_50","Female",1,"garlic","garlic"
"Lab","L_14","Clean","Under_50","Female",2,"peppermint","mint"
"Lab","L_14","Clean","Under_50","Female",3,"fish","fish"
"Lab","L_14","Clean","Under_50","Female",4,"rose","flowery"
"Lab","L_14","Clean","Under_50","Female",5,"orange","orange"
"Lab","L_14","Smelly","Under_50","Female",1,"garlic","garlic"
"Lab","L_14","Smelly","Under_50","Female",2,"rose","flower"
"Lab","L_14","Smelly","Under_50","Female",3,"orange","sweet"
"Lab","L_14","Smelly","Under_50","Female",4,"peppermint","mint"
"Lab","L_14","Smelly","Under_50","Female",5,"fish","fish"
"Lab","L_15","Clean","Under_50","Female",1,"garlic","garlic"
"Lab","L_15","Clean","Under_50","Female",2,"orange","raspberry"
"Lab","L_15","Clean","Under_50","Female",3,"peppermint","peppermint"
"Lab","L_15","Clean","Under_50","Female",4,"rose","rose"
"Lab","L_15","Clean","Under_50","Female",5,"fish","stinks, BBQ, beans"
"Lab","L_15","Smelly","Under_50","Female",1,"orange","onion"
"Lab","L_15","Smelly","Under_50","Female",2,"rose","rose"
"Lab","L_15","Smelly","Under_50","Female",3,"peppermint","peppermint"
"Lab","L_15","Smelly","Under_50","Female",4,"garlic","garlic"
"Lab","L_15","Smelly","Under_50","Female",5,"fish","onion"
"Lab","L_16","Clean","Under_50","Female",1,"rose","rose"
"Lab","L_16","Clean","Under_50","Female",2,"garlic","garlic"
"Lab","L_16","Clean","Under_50","Female",3,"peppermint","tiger balm stuff"
"Lab","L_16","Clean","Under_50","Female",4,"orange","sauna smell"
"Lab","L_16","Clean","Under_50","Female",5,"fish","poo"
"Lab","L_16","Smelly","Under_50","Female",1,"peppermint","wood"
"Lab","L_16","Smelly","Under_50","Female",2,"orange","no smell"
"Lab","L_16","Smelly","Under_50","Female",3,"rose","rose"
"Lab","L_16","Smelly","Under_50","Female",4,"garlic","garlic"
"Lab","L_16","Smelly","Under_50","Female",5,"fish","fish"
"Lab","L_17","Clean","Under_50","Male",1,"fish","fish food"
"Lab","L_17","Clean","Under_50","Male",2,"orange","sweet fruity"
"Lab","L_17","Clean","Under_50","Male",3,"rose","cleaning products"
"Lab","L_17","Clean","Under_50","Male",4,"garlic","roast beef crisps"
"Lab","L_17","Clean","Under_50","Male",5,"peppermint","mint"
"Lab","L_17","Smelly","Under_50","Male",1,"peppermint","mint"
"Lab","L_17","Smelly","Under_50","Male",2,"garlic","garlic"
"Lab","L_17","Smelly","Under_50","Male",3,"rose","clean"
"Lab","L_17","Smelly","Under_50","Male",4,"orange","orange fruity"
"Lab","L_17","Smelly","Under_50","Male",5,"fish","fishy"
"Lab","L_18","Clean","Under_50","Female",1,"fish","fish food"
"Lab","L_18","Clean","Under_50","Female",2,"peppermint","mint"
"Lab","L_18","Clean","Under_50","Female",3,"rose","rose water"
"Lab","L_18","Clean","Under_50","Female",4,"orange","orange"
"Lab","L_18","Clean","Under_50","Female",5,"garlic","garlic"
"Lab","L_18","Smelly","Under_50","Female",1,"peppermint","peppermint"
"Lab","L_18","Smelly","Under_50","Female",2,"garlic","garlic"
"Lab","L_18","Smelly","Under_50","Female",3,"orange","orange"
"Lab","L_18","Smelly","Under_50","Female",4,"fish","fish food"
"Lab","L_18","Smelly","Under_50","Female",5,"rose","rose petal"
"Lab","L_19","Clean","Under_50","Female",1,"garlic","strange medicine hospital"
"Lab","L_19","Clean","Under_50","Female",2,"rose","familiar, not sure, earthy"
"Lab","L_19","Clean","Under_50","Female",3,"peppermint","peppermint"
"Lab","L_19","Clean","Under_50","Female",4,"orange","fragrant"
"Lab","L_19","Clean","Under_50","Female",5,"fish","fish"
"Lab","L_19","Smelly","Under_50","Female",1,"fish","fish"
"Lab","L_19","Smelly","Under_50","Female",2,"peppermint","peppermint mint"
"Lab","L_19","Smelly","Under_50","Female",3,"rose","none"
"Lab","L_19","Smelly","Under_50","Female",4,"orange","orange and chocolate"
"Lab","L_19","Smelly","Under_50","Female",5,"garlic","none"
"Lab","L_20","Clean","Under_50","Female",1,"peppermint","mint"
"Lab","L_20","Clean","Under_50","Female",2,"orange","fruity"
"Lab","L_20","Clean","Under_50","Female",3,"fish","fish"
"Lab","L_20","Clean","Under_50","Female",4,"rose","rose"
"Lab","L_20","Clean","Under_50","Female",5,"garlic","garlic"
"Lab","L_20","Smelly","Under_50","Female",1,"fish","fish and wood"
"Lab","L_20","Smelly","Under_50","Female",2,"rose","rose flower"
"Lab","L_20","Smelly","Under_50","Female",3,"garlic","garlic"
"Lab","L_20","Smelly","Under_50","Female",4,"peppermint","peppermint"
"Lab","L_20","Smelly","Under_50","Female",5,"orange","none"
"Lab","L_21","Clean","Under_50","Female",1,"fish","woody musky"
"Lab","L_21","Clean","Under_50","Female",2,"garlic","garlicy"
"Lab","L_21","Clean","Under_50","Female",3,"rose","rose"
"Lab","L_21","Clean","Under_50","Female",4,"peppermint","mint"
"Lab","L_21","Clean","Under_50","Female",5,"orange","orange"
"Lab","L_21","Smelly","Under_50","Female",1,"orange","wood"
"Lab","L_21","Smelly","Under_50","Female",2,"rose","rose"
"Lab","L_21","Smelly","Under_50","Female",3,"peppermint","peppermint"
"Lab","L_21","Smelly","Under_50","Female",4,"fish","unpleasant musk"
"Lab","L_21","Smelly","Under_50","Female",5,"garlic","garlic"
"Lab","L_22","Clean","Under_50","Female",1,"orange","citrusy slightly floral orange blossom"
"Lab","L_22","Clean","Under_50","Female",2,"rose","rose"
"Lab","L_22","Clean","Under_50","Female",3,"garlic","garlic"
"Lab","L_22","Clean","Under_50","Female",4,"fish","fish fish oil"
"Lab","L_22","Clean","Under_50","Female",5,"peppermint","mint peppermint"
"Lab","L_22","Smelly","Under_50","Female",1,"fish","fish oil"
"Lab","L_22","Smelly","Under_50","Female",2,"garlic","garlic"
"Lab","L_22","Smelly","Under_50","Female",3,"rose","rose"
"Lab","L_22","Smelly","Under_50","Female",4,"orange","orange coffee"
"Lab","L_22","Smelly","Under_50","Female",5,"peppermint","mint"
"Lab","L_23","Clean","Under_50","Female",1,"fish","fish"
"Lab","L_23","Clean","Under_50","Female",2,"peppermint","mint"
"Lab","L_23","Clean","Under_50","Female",3,"orange","lemon, citrus orange"
"Lab","L_23","Clean","Under_50","Female",4,"garlic","garlic"
"Lab","L_23","Clean","Under_50","Female",5,"rose","air freshener fresh air"
"Lab","L_23","Smelly","Under_50","Female",1,"peppermint","mint"
"Lab","L_23","Smelly","Under_50","Female",2,"orange","citrus"
"Lab","L_23","Smelly","Under_50","Female",3,"fish","fishy"
"Lab","L_23","Smelly","Under_50","Female",4,"garlic","garlic and onion"
"Lab","L_23","Smelly","Under_50","Female",5,"rose","rose"
"Lab","L_24","Clean","Under_50","Male",1,"rose","floral flower with strong smell but not color"
"Lab","L_24","Clean","Under_50","Male",2,"orange","orange"
"Lab","L_24","Clean","Under_50","Male",3,"garlic","garlic"
"Lab","L_24","Clean","Under_50","Male",4,"peppermint","peppermint"
"Lab","L_24","Clean","Under_50","Male",5,"fish","rotting flesh"
"Lab","L_24","Smelly","Under_50","Male",1,"fish","fish"
"Lab","L_24","Smelly","Under_50","Male",2,"garlic","garlic"
"Lab","L_24","Smelly","Under_50","Male",3,"rose","flower"
"Lab","L_24","Smelly","Under_50","Male",4,"orange","orange"
"Lab","L_24","Smelly","Under_50","Male",5,"peppermint","mint"
"Lab","L_25","Clean","Under_50","Female",1,"garlic","strong ammonia"
"Lab","L_25","Clean","Under_50","Female",2,"orange","sweeter"
"Lab","L_25","Clean","Under_50","Female",3,"rose","weak sweet"
"Lab","L_25","Clean","Under_50","Female",4,"fish","fish"
"Lab","L_25","Clean","Under_50","Female",5,"peppermint","peppermint"
"Lab","L_25","Smelly","Under_50","Female",1,"orange","peppermint"
"Lab","L_25","Smelly","Under_50","Female",2,"peppermint","barely can smell weak sweet"
"Lab","L_25","Smelly","Under_50","Female",3,"rose","barely no smell none"
"Lab","L_25","Smelly","Under_50","Female",4,"fish","fish"
"Lab","L_25","Smelly","Under_50","Female",5,"garlic","garlic"
"Lab","L_26","Clean","Under_50","Female",1,"garlic","flowery gross flower"
"Lab","L_26","Clean","Under_50","Female",2,"fish","compost"
"Lab","L_26","Clean","Under_50","Female",3,"peppermint","peppermint"
"Lab","L_26","Clean","Under_50","Female",4,"orange","citrusy"
"Lab","L_26","Clean","Under_50","Female",5,"rose","roses"
"Lab","L_26","Smelly","Under_50","Female",1,"garlic","onion"
"Lab","L_26","Smelly","Under_50","Female",2,"rose","roses flowers"
"Lab","L_26","Smelly","Under_50","Female",3,"fish","fish"
"Lab","L_26","Smelly","Under_50","Female",4,"peppermint","mint"
"Lab","L_26","Smelly","Under_50","Female",5,"orange","citrusy orange"
"Lab","L_27","Clean","Under_50","Female",1,"rose","floral daffodils lavendar"
"Lab","L_27","Clean","Under_50","Female",2,"orange","citrusy"
"Lab","L_27","Clean","Under_50","Female",3,"peppermint","mint"
"Lab","L_27","Clean","Under_50","Female",4,"fish","not very nice not as strong as the other"
"Lab","L_27","Clean","Under_50","Female",5,"garlic","garlic"
"Lab","L_27","Smelly","Under_50","Female",1,"orange","citrus"
"Lab","L_27","Smelly","Under_50","Female",2,"peppermint","mint"
"Lab","L_27","Smelly","Under_50","Female",3,"fish","fish"
"Lab","L_27","Smelly","Under_50","Female",4,"garlic","garlic"
"Lab","L_27","Smelly","Under_50","Female",5,"rose","floral"
"Lab","L_28","Clean","Under_50","Female",1,"peppermint","mint"
"Lab","L_28","Clean","Under_50","Female",2,"rose","rose flowers"
"Lab","L_28","Clean","Under_50","Female",3,"orange","none"
"Lab","L_28","Clean","Under_50","Female",4,"fish","fish"
"Lab","L_28","Clean","Under_50","Female",5,"garlic","garlic"
"Lab","L_28","Smelly","Under_50","Female",1,"rose","rose"
"Lab","L_28","Smelly","Under_50","Female",2,"fish","fish"
"Lab","L_28","Smelly","Under_50","Female",3,"peppermint","mint"
"Lab","L_28","Smelly","Under_50","Female",4,"orange","none"
"Lab","L_28","Smelly","Under_50","Female",5,"garlic","garlic"
"Lab","L_29","Clean","50+","Female",1,"garlic","no idea"
"Lab","L_29","Clean","50+","Female",2,"fish","not too pleasant decaying"
"Lab","L_29","Clean","50+","Female",3,"rose","more pleasant minty fruity"
"Lab","L_29","Clean","50+","Female",4,"peppermint","peppermint"
"Lab","L_29","Clean","50+","Female",5,"orange","faint"
"Lab","L_29","Smelly","50+","Female",1,"fish","pickle onion"
"Lab","L_29","Smelly","50+","Female",2,"rose","no smell"
"Lab","L_29","Smelly","50+","Female",3,"orange","smell but none"
"Lab","L_29","Smelly","50+","Female",4,"peppermint","mint unsure"
"Lab","L_29","Smelly","50+","Female",5,"garlic","no smell"
"Lab","L_30","Clean","Under_50","Male",1,"peppermint","washing up liquid citrus"
"Lab","L_30","Clean","Under_50","Male",2,"orange","lavendar"
"Lab","L_30","Clean","Under_50","Male",3,"rose","flower"
"Lab","L_30","Clean","Under_50","Male",4,"garlic","garlic"
"Lab","L_30","Clean","Under_50","Male",5,"fish","fish"
"Lab","L_30","Smelly","Under_50","Male",1,"peppermint","flower"
"Lab","L_30","Smelly","Under_50","Male",2,"garlic","none"
"Lab","L_30","Smelly","Under_50","Male",3,"rose","lavendar"
"Lab","L_30","Smelly","Under_50","Male",4,"orange","oranges"
"Lab","L_30","Smelly","Under_50","Male",5,"fish","fish"
